name;address;sector
Ken Tanzah Makmur;Jalan Soekarno Hatta 2950552 Kota Semarang;Hospitals
Rumah Sakit Hermina Grand Wisata;Jl. Festival Boulevard 17111 Kota Bekasi;Hospitals
Apotek Kimia Farma;Jalan Perak Timur 16660164 Kota Surabaya;Hospitals
RS Awal Bros Makassar;Jalan Jenderal Urip Sumoharjo 4312840 Jakarta Timur  - Makasar;Hospitals
Sido Muncul Store;Jalan Cipete Raya 8112410 Jakarta;Hospitals
Medikaloka Pandanaran;Jalan Pandanaran 2450241 Kota Semarang;Hospitals
Langsung Makmur Sentosa;Jalan Cimanuk 640115 Kota Bandung;Hospitals
Rumah Sakit Dr Etty Asharto;Jalan Sajid 4465311 Kota Batu;Hospitals
Jclec;Jalan Bell 150148 Kota Semarang;Hospitals
PT. Mandaya Sehat Utama;Jalan Pos Pengumben 5012260 Jakarta Barat;Hospitals
Alkin Global;Jalan Pasteur 1540131 Kota Bandung;Hospitals
Rumah Sakit Khusus Mata Medan Baru Medical Centre;Jalan Abdullah Lubis 6720154 Medan Baru  - Darat;Hospitals
Klinik Kimia Farma 82;Jalan Kartini 6757423 Klaten  - Kabupaten;Hospitals
Kimia Farma 49 Apotek;Jalan Pahlawan Revolusi 5313430 Jakarta;Hospitals
Apotek Kimia Farma;Jl. Godean 557473 Klaten  - Kabupaten;Hospitals
Klinik Kimia Farma 78;Jl. A. Yani 3115142 Klaten  - Kabupaten;Hospitals
Apotek Kimia Farma;Jl. G. Sanghyang 2380232 Dompu  - Bali;Hospitals
PD. Trivia Oktana Mandiri;Jalan Diponegoro 10642151 Kasemen  - Banten;Hospitals
Alfa Kimia Biomedikatama;Jalan C Simanjuntak GK 5 1255223 Kota Yogyakarta;Hospitals
Millennium Pharmacon International;Jalan Pamularsih 10750141 Kota Semarang;Hospitals
PT Wira Sandi;Jalan Kesehatan 1613740 Jakarta Timur;Social Security
Infomedia Nusantara;28 Jalan Mampang Prapatan Raya12790 Jakarta;Social Security
International Wellbeing Center;The City Walk 312160 Dharmawangsa Square;Social Security
PT CENTURY FRANCHISINDO UTAMA;Jalan Limo 612220 Jakarta Selatan;Social Security
UD Shasa Scale;Jl. Raya Kosambi Barat 2315213 Tangerang;Social Security
RSUP Dr. Sitanala Tangerang;Jalan Doktor Sitanala 9915112 Kota Tangerang;Social Security
Klinik Kimia Farma Bintaro;Jalan Bima 3557416 Klaten  - Kabupaten;Social Security
Maspion;Jalan Kembang Jepun 3860162 Kota Surabaya;Social Security
Dr. Yanti Aesthetic Clinic;Jalan Boulevard Barat 14240 Jakarta;Social Security
Apotek Kimia Farma;Jalan Raya Arjuno 15160251 Kota Surabaya;Social Security
Gunung Sahari Group;A3 Jl. Gunung Sahari Raya 5110610 Jakarta;Social Security
Apotek Kimia Farma 406;Jalan Magelang 8055231 Kota Yogyakarta;Social Security
Ekamita Arahtegar;Jalan Raya Bukit Gading Villa 14240 Jakarta;Social Security
Puri Natura Indonesia;Jalan Prapanca 2012160 Jakarta;Social Security
Klinik Kimia Farma 236;Jl. Danau Batur Raya 80353 Klaten  - Kabupaten;Social Security
Infomedia Nusantara;77-81 Jalan RS Fatmawati2nd Floor12150 Kota Jakarta Selatan;Social Security
Apotek Kimia Farma395;Jalan Melur 428156 Kota Pekanbaru;Social Security
Kimia Farma 152 Apotek;E-F Jl. Raya Pasar Minggu 312780 Jakarta;Social Security
Apotek Kimia Farma Cibitung Bosih;Jalan Bosih 817520 Cibitung;Social Security
Compassion East Indonesia;Jalan Jenderal Ahmad Yani 995114 Kota Manado;Social Security
Apotek Kimia Farma 416;Jalan Sultan Agung 6255151 Kota Yogyakarta;Chemists
Mega Ayu ( Bar, Massage, KTV );Jalan Pangeran Jayakarta 4611110 Jakarta;Chemists
Klinik Kimia Farma Blitar;Jalan Mawar 6457431 Klaten  - Kabupaten;Chemists
Kimia Farma Condong Catur;Jl. Nusa Indah 55221 Kota Yogyakarta;Chemists
RS Pondok Indah - Bintaro Jaya;RS Pondok Indah Bintaro Jaya 15227 Kasemen  - Banten;Chemists
Medika Kartini Mandiri;Jalan Ciledug Raya 9412230 Jakarta;Chemists
Apotek Kimia Farma Alam Sutera;Jl. Jalur Sutra 315325 Kasemen  - Banten;Chemists
Klinik Kimia Farma Purwakarta;Jalan Veteran 15257431 Klaten  - Kabupaten;Chemists
Klinik Central Medika;Jl. Pilar Sukatani 8417145 Klaten  - Kabupaten;Chemists
Melinda Hospital;Jalan Pajajaran 4640171 Cicendo  - Pasirkaliki;Chemists
Klinik Kimia Farma 111;Jl. Jend. A. Yani Timur 1070724 Kota Banjarbaru;Chemists
Rumah Sakit Ketergantungan Obat;Jalan Lapangan Tembak 7513720 Jakarta;Chemists
Rumah Sakit Charitas Hospital Kenten;Jalan Betawi Raya 134030161 Kota Palembang;Chemists
Osim;Jalan Jembatan Dua 614450 Jakarta;Chemists
Apotek Kimia Farma 377;Jalan Cimanuk 1144111 Klaten  - Kabupaten;Chemists
Pembina Ilmu;Jalan Durian 380231 Dompu  - Bali;Chemists
Apotek Kimia Farma511;A30 Jl. Klampis Jaya 60241 Kota Surabaya;Chemists
Apotek Kimia Farma 260;Jalan Jenderal DI Panjaitan 4750249 Central Java;Chemists
Assa’Adah Medical Centre;Jl. Tebet Timur Dalam 5812820 Jakarta;Chemists
Apotek Kimia Farma 167;Jalan Tank 51540526 Kota Cimahi;Chemists
Apotek Kimia Farma 131;Jalan Raden Ajeng Kartini 4435111 Kota Bandar Lampung;Chemists
Apotek Kimia Farma23;Jalan Kendangsari 8 60292 Kota Surabaya;Chemists
Apotek Kimia Farma 480;Jalan Jenderal Sudirman 75831121 Kota Prabumulih;Chemists
Kimia Farma 107 Apotek;Jl. Gatot Subroto 7220211 Obi Timur  - Sum;Chemists
Apotek Kimia Farma 504;Jalan Simo 2857432 Klaten  - Kabupaten;Chemists
Apotek Kimia Farma 336;Jalan Pangeran Antasari 9170241 Manis Mata  - Kalimantan;Chemists
Apotek Kimia Farma Pondok Benda;Jl. Raya Pamulang 215417 Kasemen  - Banten;Chemists
Apotek Kimia Farma Sultan Alaudin;Jl. Sultan Alaudin 22290245 Jakarta Timur  - Makasar;Chemists
Klinik Kimia Farma 501 (Daeng Tata);Jl. Daeng Tata 6990174 Jakarta Timur  - Makasar;Chemists
Optical Support Of Indonesia;Jalan Tomang Raya 1511440 Jakarta;Chemists
Klinik Kimia Farma 309;Jalan Lumimuut 1495113 Kota Manado;Chemists
Lab Kimia Farma Pamulang;D-2 / 1 Jl. Pamulang Permai Raya 115210 Klaten  - Kabupaten;Chemists
Klinik Kimia Farma 188;Jalan S Parman 4270128 Banjarmasin;Chemists
Gratia Jaya Mulya;Gratia Building 1015339 Kota Tangerang Selatan;Chemists
Viva Health;Sampoerna Strategic Square 12930 Jakarta;Chemists
PT.Multidaya Medika;Kompleks Rukan Niaga Gunung Sahari 710720 Jakarta;Chemists
Klinik Peduli Sehat;Jalan Adinegoro 1025173 Kota Padang;Chemists
Puskesmas Bendungan Hilir;Jalan Danau Toba 210270 Jakarta;Chemists
Apotek Kimia Farma 94;Jl. Proklamasi 4425119 Kota Padang;Chemists
Kimia Farma Apotek;Jalan Pangeran Mohammad Noor 75119 Kota Samarinda;Chemists
Aryamedika Teguh Tunggal;Jalan Kelapa Dua Raya 100115810 Kota Tangerang;Hospitals
Klinik Kimia Farma 38;Jalan Hasan 4613940 Jakarta Timur  - Makasar;Hospitals
Lucky Dion Perkasa;Jalan Sirsak 2112620 Jakarta;Hospitals
Ciputra Hospital Citragarden;Jl. Boulevard Citra 511830 Jakarta;Hospitals
Klinik Kimia Farma 250;Jl. Ratulangi 5990174 Jakarta Timur  - Makasar;Hospitals
Wellbe Indonesia;South Quarter Tower B 12430 Jakarta;Hospitals
Terang Optikal;Jl. P. Sudirman 24363137 Klaten  - Kabupaten;Hospitals
PT.Midexdharma Agung;Jalan Sunan Drajat 4213220 Jakarta;Hospitals
Conservation International Indonesia;Jalan Dokter Muwardi 1780235 Dompu  - Bali;Hospitals
Rumah Sakit Dr. Oen Solo Baru;Jl. Brigjen Katamso 55 Surakarta;Hospitals
AELI School;Jalan Ngagel Jaya Utara 4260283 Kota Surabaya;Hospitals
Distriversa Buanamas;Jalan Margorejo Indah 2860238 Kota Surabaya;Hospitals
RS. St. Elisabeth;Jl. Haji Misbah 720713 Kota Binjai;Hospitals
Hoya Indonesia;Wisma Lumbini 5311440 Jakarta;Hospitals
Pusat Pengkajian Islam & Masyarakat IAIN Jakarta;Jalan Kertamukti 515411 Kota Tangerang Selatan;Hospitals
Indotest Multi Laboratama;Komp. 20340223 Kota Bandung;Hospitals
RS Onkologi Surabaya;Jalan Arif Rahman Hakim 60117 Kota Surabaya;Hospitals
RS PKU Muhammadiyah Karanganyar;Jalan Pepaya 57423 Klaten  - Kabupaten;Hospitals
Thermalindo Sarana Laboratoria;Jl. H. Abdul Wahab Siamin 60225 Kota Surabaya;Hospitals
Kasandra & Associates;Jalan Kramat Pulo 21010330 Jakarta;Hospitals
Rumah Sakit Umum Prof Dr Soekandar;Jalan Hayam Wuruk 2561382 Klaten  - Kabupaten;Hospitals
Rumah Sakit Charitas;Jalan Jenderal Sudirman 105430129 Kota Palembang;Hospitals
RS Dr. Oen Solo Baru;Perumahan Solo Baru Sukoharjo Po.Box 13057552 Klaten  - Kabupaten;Hospitals
Andalan Prima Sejahtera CV;Jalan Letnan Jenderal Jamin Ginting 620141 Obi Timur  - Sum;Hospitals
Apotek Kimia Farma;Jalan Raya Diponegoro 9460253 Kota Surabaya;Hospitals
Rumah Sakit Medika BSD;Jalan Letnan Sutopo 715311 Kota Tangerang Selatan;Hospitals
Dharmajaya Dinamika Mandiri;Jalan Dokter Sutomo 13410110 Sawah Besar  - Pasar Baru;Hospitals
Kharisma Medical Centre;Jalan Caman 5417412 Kota Bekasi;Hospitals
Bali Mandiri;Jalan Singapadu 80582 Klaten  - Kabupaten;Hospitals
Insan Sembada;Jalan Tanjung 9657145 Surakarta;Hospitals
Rumah Sakit Santosa Bandung Central;Jalan Kebonjati 3840181 Kota Bandung;Hospitals
Awal Bros Makassar;Jl. Urip Sumohardjo 4390232 Jakarta Timur  - Makasar;Hospitals
Sentra Biosains Dinamika;Jalan Letnan Jenderal Suprapto 10640 Jakarta;Hospitals
Bhakti Persada Saudara Pharma;Jalan Pucang Sewu 1760283 Kota Surabaya;Hospitals
Plan Indonesia;Menara Duta 12910 Jakarta;Hospitals
Vision-Ease Asia;Delta Silicon Industrial Park 817550 Klaten  - Kabupaten;Hospitals
Rumah Sakit Grestelina;Jl. Hestarning Raya 5190231 Jakarta Timur  - Makasar;Hospitals
RS Adi Husada Undaan Wetan;Jalan Undaan Wetan 4060272 Kota Surabaya;Hospitals
BIMC Hospital;Jl. Bypass Ngurah Rai 10080361 Dompu  - Bali;Hospitals
Rumah Sakit Gigi Dan Mulut Fkg Univ.Indonesia;Jalan Salemba Raya 410330 Jakarta;Hospitals
Komnas Ham;Jalan Latuharhari 410220 Jakarta;Social Assistance
Quadran Infra Karya Sinergi;Jalan Cimanuk 640115 Kota Bandung;Social Assistance
Bali Royal Hospital;Jl. Tantular 680227 Dompu  - Bali;Social Assistance
Sumber Aneka Karya Abadi;Jl. Jababeka Vii A 17530 Klaten  - Kabupaten;Social Assistance
Rumah Sakit Umum Griya Mahardhika;Jalan Parangtritis 455187 Kota Yogyakarta;Social Assistance
Siloam Hospital Lippo Cikarang;Siloam Hospitals 17550 Klaten  - Kabupaten;Social Assistance
Rumah Sakit Jiwa Puri Nirmala;Jalan Jayaningprangan 1355111 Kota Yogyakarta;Social Assistance
Kursus Enopi;Ruko Sentra Menteng 15224 Kota Tangerang Selatan;Social Assistance
Rumah Sakit PKU Aisyiyah;Jl. Pasar Sapi Baru Singkil 57382 Klaten  - Kabupaten;Social Assistance
British Learning Centre;Komp. Multatuli Indah 20111 Aur, Medan Maimun;Social Assistance
Bali Canggu Community School;Jl. Raya Pantai Brawa Br Tegal Gundul 280361 Klaten  - Kabupaten;Social Assistance
Rumah Sakit Balikpapan Baru;Jalan MT Haryono 76114 Balikpapan;Social Assistance
Pusat Kesenian Jakarta Taman Ismail Marzuki;Jalan Cikini Raya 7310310 Jakarta;Social Assistance
RS Primaya Bekasi Barat;Jalan Kyai Haji Noer Ali 17146 Kota Bekasi;Social Assistance
Rumah Sakit Umum Daerah Dr R Soedjati Soemodiardjo;Jl. D. I. Panjaitan 3658111 Klaten  - Kabupaten;Social Assistance
Eka Hospital;Jalan Pahlawan Seribu Commercial Business District 15310 Kota Tangerang Selatan;Social Assistance
United Dico Citas;Jalan Sumbawa 2160281 Kota Surabaya;Social Assistance
STMIK Likmi;Jalan Insinyur Haji Djuanda 9640132 Kota Bandung;Social Assistance
Sembada Graha Persada;Jalan Brojolamatan 32655283 Kota Yogyakarta;Social Assistance
Dipa Puspa Labsains;Jalan Kebon Jeruk Baru 6611530 Jakarta;Social Assistance
Putri Mandiri;Jalan Kyai Haji Mas Mansyur 10210 Jakarta;Social Assistance
Syuhada Haji;Jalan Raya Tanjung 1257472 Klaten  - Kabupaten;Social Assistance
Apotek Kimia Farma;Jalan Garuda 4710610 Jakarta;Social Assistance
RS Orthopedi & Traumatologi Surabaya;Emerald Mansion Tx 1060132 Kota Surabaya;Social Assistance
Rumah Sakit Ananda;Jalan Sultan Agung 17317133 Kota Bekasi;Social Assistance
Rumah Sakit Sentra Medika;Jalan Raya Bogor 3316416 Depok;Social Assistance
Protech Power Flow;Wisma Windu 11420 Jakarta;Social Assistance
Apotek Kimia Farma;Jalan Bali 157411 Klaten  - Kabupaten;Social Assistance
Asia Afrika Dental;Jalan Asia Afrika 15740112 Klaten  - Kabupaten;Social Assistance
Miracle Aesthetic Clinic;Graha Miracle 4060264 Kota Surabaya;Social Assistance
Balai Besar Standardisasi Dan Pelayanan Jasa Industri Agro;Jalan Insinyur Haji Juanda 1116119 Kota Bogor;Social Assistance
Englishone;Jalan Bali 2463116 Kota Madiun;Social Assistance
Alam Putra Sakti;Cempaka Mas 110640 Jakarta;Social Assistance
Quantum Sarana Medik;Jalan Raya Sesetan 2080223 Dompu  - Bali;Social Assistance
Rumah Sakit Bhayangkara;Jalan Raya Yogya - Solo 1457452 Klaten  - Kabupaten;Social Assistance
RS PHC;Jl. Prapat Kurung Selatan 160165 Kota Surabaya;Social Assistance
Parkway Health;Jl. S P Arman 10320153 Obi Timur  - Sum;Social Assistance
Inlingua International Indonesia;Inlingua Building 3311610 Jakarta;Social Assistance
RS Mitra Medika;Jalan Yos Sudarso 720115 Medan Deli  - Tanjung Mulia;Social Assistance
Hi-Test;Century Park 629461 Riau Islands;Social Assistance
Rumah Sakit Ibu & Anak Kendangsari;Jalan Kendangsari 8 3860292 Kota Surabaya;Hospitals
Cahayatiara Mustika Scientific Indone;Jl. Jababeka Ix  Kota Bekasi;Hospitals
Multikimia Intipelangi;Jalan Siwalan 13057143 Surakarta;Hospitals
Rumah Sakit Al Islam;Jalan Soekarno Hatta 64440286 Kota Bandung;Hospitals
ACS Jakarta;Jalan Bakti 10260 Jakarta;Hospitals
Rumah Sakit Islam Klaten;Jalan Klaten - Solo 457436 Klaten  - Kabupaten;Hospitals
Pudak Scientific;Jalan Pudak 440113 Kota Bandung;Hospitals
Alfa Kimia;Jalan C Simanjuntak GK 5 1255223 Kota Yogyakarta;Hospitals
Amethyst Skin Clinic;Jalan Sukomanunggal Jaya 60187 Kota Surabaya;Hospitals
Apotek Kimia Farma;Jl. Pattimura 5980115 Dompu  - Bali;Hospitals
Kimia Farma 284 Apotek;Jalan Siliwangi 4517151 West Java;Hospitals
RSUP Dr Sardjito;Jl. Kesehatan Sekip 155243 Klaten  - Kabupaten;Hospitals
Rumah Sakit Permata Medika;Jl. Moch. Ichsan 9350151 Kota Semarang;Hospitals
Rumah Sakit Muhammadiyah;Jalan Kyai Haji Ahmad Dahlan 5340262 Kota Bandung;Hospitals
United Nation World Food Programme;Wisma Kyoei Prince 310220 Jakarta;Hospitals
Apotek Kimia Farma;Jalan Sultan Agung 157436 Klaten  - Kabupaten;Hospitals
Rumah Sakit Umum Daerah Dr M Ashari;Jalan Gatot Subroto 4152319 Klaten  - Kabupaten;Hospitals
Klinik Prodia;Jl. Tgh. H.M Daud Beureuh 17423242 Kota Banda Aceh;Hospitals
Mitera Sejatra Jaya Agung;Jl. Terusan Kopo 1240111 Kota Bandung;Hospitals
Klinik Kimia Farma 108;Jalan Teuku Umar 24684218 Dompu  - Bali;Hospitals
Melinda Hospital;Jalan Pajajaran 4640171 Kota Bandung;Hospitals
Sumatera Eye Center;Jalan Iskandar Muda 27820112 Obi Timur  - Sum;Hospitals
Rumah Sakit Medika Lestari;Jalan HOS Cokroaminoto 57412 Klaten  - Kabupaten;Hospitals
Intertek;Jalan Cikini 4 210350 Jakarta;Hospitals
Rumah Sakit Melati;Jalan Merdeka 9215113 Kasemen  - Banten;Hospitals
Rumah Sakit Wulan Windy;Jl. Besar Marelan 1720147 Obi Timur  - Sum;Hospitals
Multilab Adisurya Mandiri;Jalan Tanjung Selor 711440 Jakarta;Hospitals
Pathlab Indonesia;Jalan Sutomo 17220213 Medan Kota;Hospitals
Klinik An-Nur;Jalan Doktor Setiabudi 6340131 Kota Bandung;Hospitals
Flora Wahana Tirta;Desa Kebun Durian 28000 Klaten  - Kabupaten;Hospitals
Balai Besar Keramik;Jalan Jenderal Ahmad Yani 39240272 Kota Bandung;Hospitals
RS Abdi Waluyo;Jalan HOS Cokroaminoto 3110220 Jakarta Pusat;Hospitals
Apotek Kimia Farma 348;Jalan Damai 816151 West Java;Hospitals
Seis Optik;Komplek Manado Town Square 2295231 Kota Manado;Hospitals
Klinik Mitra Medika Abadi;Jl. Kapt. Mitra Hanafiah 341253 Klaten  - Kabupaten;Hospitals
RS.Bella;Jalan Insinyur Haji Juanda 14117113 Kota Bekasi;Hospitals
Apotek Senopati;Jalan Senopati 1512190 Jakarta;Hospitals
Rumah Sakit Mata Pekanbaru;Jalan Soekarno Hatta 23628125 Kota Pekanbaru;Hospitals
Apotek Kimia Farma 112;Jalan Diponegoro 873111 Palangkaraya  - Palangka;Hospitals
Aisei;Equity Tower 12190 Jakarta;Hospitals
RSIA Ferina;Jalan Irian Barat 760281 Kota Surabaya;Child Delivery Clinics
Rumah Sakit Hardjo Lukito;Jalan Janti 55198 Klaten  - Kabupaten;Child Delivery Clinics
Klinik Kimia Farma 253;Jalan Yusuf Martadilaga 11442151 Kasemen  - Banten;Child Delivery Clinics
Ariont;Jalan Jombang Raya 15224 Klaten  - Kabupaten;Child Delivery Clinics
Rumah Sakit Karisma Cimareme;Jalan Cilame 23540552 Kabupaten Bandung Barat;Child Delivery Clinics
Apotek Kimia Farma;Jalan Diponegoro 457416 Klaten  - Kabupaten;Child Delivery Clinics
RSIA Bunda Aliyah;Jalan Pahlawan Revolusi 10013430 Jakarta;Child Delivery Clinics
Apotek Kimia Farma Sunter;Jalan Danau Sunter Utara 14350 Jakarta;Child Delivery Clinics
Klinik Anak Cerdas Ceria;Jl. Letjen Suprapto 8957156 Surakarta;Child Delivery Clinics
SOS Medika;Jalan Puri Sakti 1 1012410 Jakarta;Child Delivery Clinics
New Diva PT Diva Sumber Berkat DSB;Jalan Ahmad Jazuli 1555224 Kota Yogyakarta;Child Delivery Clinics
Apotek Kimia Farma 117;Jalan Kolonel Abunjani 7836129 Kota Jambi;Child Delivery Clinics
Apotek Kimia Farma;Jl. Ampera 729663 Klaten  - Kabupaten;Child Delivery Clinics
Apotek Kimia Farma212;Jalan Sukowati 44057215 Klaten  - Kabupaten;Child Delivery Clinics
Apotek Kimia Farma;Jalan Ngagel Jaya Selatan 10960283 Kota Surabaya;Child Delivery Clinics
RS Bhakti Medicare;Jl. Raya Siliwangi 18643111 Kota Sukabumi;Child Delivery Clinics
Berlico Mulia Farma;Jl. Yogyakarta 1055571 Klaten  - Kabupaten;Child Delivery Clinics
Rumah Sakit Umum Daerah Cilacap;Jalan Gatot Subroto 2853283 Cilacap Tengah;Child Delivery Clinics
Apotek Kimia Farma;Jalan Simo 7057432 Klaten  - Kabupaten;Child Delivery Clinics
Nufa Islamic Education Center;Jalan Puri Anggrek 1 13460 Kota Bekasi;Child Delivery Clinics
Kimia Farma 10 Apotek;Jalan Braga 240111 Klaten  - Kabupaten;Chemists
Klinik Dr. Sanders B;Jalan Teuku Umar 1917520 Kota Bekasi;Chemists
Kimia Farma 24 Apotek;Jalan Dharmawangsa 2460286 Kota Surabaya;Chemists
Apotek Kimia Farma;-C Jl. Jend. Gatot Subroto 3722774 Obi Timur  - Sum;Chemists
Klinik Kimia Farma Sepinggan;Jalan Marsma Iswahyudi 70276114 Balikpapan;Chemists
Apotek Kimia Farma;Jl. W.J. Lalamentik 85369 Klaten  - Kabupaten;Chemists
SMPIT An-Nizomiyah;Jalan Amil 2 5612510 Jakarta;Chemists
RS Ananda Purwokerto;Jalan Pemuda 3053132 Klaten  - Kabupaten;Chemists
Klinik Bahagia;Jalan Pandu 9357438 Klaten  - Kabupaten;Chemists
Klinik Kimia Farma 202;Jalan Kejayaan 216415 Depok;Chemists
Sinar Abadi Jaya;Jalan Gajah Mada 4178122 Kota Pontianak;Chemists
Rumah Sakit Wiyung Sejahtera;Jalan Karangan PDAM 160227 Kota Surabaya;Chemists
Rumah Sakit Umum Daerah Cibabat;Jalan Jenderal Haji Amir Machmud 14040523 Kota Cimahi;Chemists
Apotek Kimia Farma Medan;Jalan Palang Merah 3220151 Obi Timur  - Sum;Chemists
Apotek Kimia Farma Jati Mulya;Jl. Raya Pengasinan 17144 Ruko Jatimulya Blok A No. 10;Chemists
Rumah Sakit Umum Daerah Pelabuhan Ratu;Jalan Jenderal Ahmad Yani 243145 Kota Sukabumi;Chemists
Apotek Kimia Farma;Jl. Betoambari 493725 Kota Baubau;Chemists
RSUD Dr. Soetomo;Jl. Mayjend. Prof. Dr. Moestopo 660286 Kota Surabaya;Chemists
Apotek Kimia Farma 463;Jl. Bengkong Ratu 1129431 Riau Islands;Chemists
Bio Karya Sejahtera;Jl. Gunung Latimojong  Jakarta Timur  - Makasar;Chemists
Rumah Sakit Khusus Bedah BIMC;Jalan Ngurah Rai By Pass 10080361 Klaten  - Kabupaten;Hospitals
Rejuva Dental & Dermatology;Jl. Mayjend Sungkono 60189 Kota Surabaya;Hospitals
Klinik Kimia Farma 74;Jalan Bandara Sam Ratulangi 3195113 Kota Manado;Hospitals
Tjiptamas Eka Bangsa;Jalan Pahlawan Seribu BSD Ruko CBD 15310 Kota Tangerang Selatan;Hospitals
Rumah Sakit Mawaddah Medika;Jl. Raya Ngijingan 61385 Klaten  - Kabupaten;Hospitals
Medika Loka Yogya;Jalan Inpeksi Selokan Mataram 55282 Kota Yogyakarta;Hospitals
Toya Medika Clinic;Jalan Raya Pengosekan 80571 Dompu  - Bali;Hospitals
Praktek Drg. Merita Ariestya Yudi;Jalan Doktor Sutomo 557451 Klaten  - Kabupaten;Hospitals
Apotek Kimia Farma 138;Jalan Kyai Haji Agus Salim 3075117 Kota Samarinda;Hospitals
Bina Dinamika Raga;Jl. H. Kurdi I 6240243 Kota Bandung;Hospitals
Apotek Kimia Farma;Jl. Letjen Suprapto 7668166 Klaten  - Kabupaten;Hospitals
Apotek Kimia Farma Tanjung Uncang;Komp. Ruko Fanindo 29423 Riau Islands;Hospitals
Apotek Kimia Farma;Jalan Jenderal Ahmad Yani 22860243 Kota Surabaya;Hospitals
Klinik Kimia Farma 79;Jalan Dewi Sartika 7957412 Klaten  - Kabupaten;Hospitals
Puskesmas Kendal II;Jalan Kergan 1057485 Klaten  - Kabupaten;Hospitals
Rumah Sakit Umum Daerah Ploso;Jl. Darmo Sugondo 8361453 Klaten  - Kabupaten;Hospitals
Apotek Kimia Farma;Jl. Citarum Raya 6050519 Klaten  - Kabupaten;Hospitals
Kimia Farma;Jl. Letjend. R. Suprapto 12358153 Klaten  - Kabupaten;Hospitals
RS Permata Keluarga Jababeka;Jl. Dr. Cipto Mangunkusumo 17530 Klaten  - Kabupaten;Hospitals
Rumah Sakit Urip Sumoharjo Bandar Lampung;Jalan Letnan Jenderal Urip Sumoharjo 20035131 Kota Bandar Lampung;Hospitals
Karya Daya Syafarmasi;Kawasan Industri Bogorindo 16810 Kota Bogor;Chemists
RS Pusri;Jalan Mayor Zen 8430119 Kota Palembang;Chemists
Rumah Sakit Umum Mitra Sejati;Jalan AH Nasution 720147 Medan Johor  - Pangkalan Masyhur;Chemists
Apotek Kimia Farma;Jalan Diponegoro 12584218 Dompu  - Bali;Chemists
Apotek Kimia Farma;Jl. Utan Kayu 10513120 Jakarta;Chemists
Bintara Kartika Bakti;C/O Rumah Sakit Satya Negara 2414350 Jakarta;Chemists
Kimia Farma Proklamasi;Jl. Proklamasi 2425237 Kota Padang;Chemists
RS Dinda;Jalan Galuh - Jatiuwung 215134 Kota Tangerang;Chemists
Rumah Sakit Gotong Royong;Jalan Medokan Semampir Indah 60119 Kota Surabaya;Chemists
Revital Clinic;Jalan Lengkong Kecil 1440261 Klaten  - Kabupaten;Chemists
Infomedia Nusantara;Jalan Kapt. Tendean 3912790 Jakarta;Chemists
Santosa Hospital Bandung Kopo;Jl. KH. Wahid Hasyim 46140227 Klaten  - Kabupaten;Chemists
Indo Tech;Jl. Ahmad Yani 5580231 Klaten  - Kabupaten;Chemists
Apotek Kimia Farma;Jalan Simo 1457432 Klaten  - Kabupaten;Chemists
Mitra Meditama Abadi;Jl. Simpang Danau Limboto Timur II A.5 - I.32 5 Klaten  - Kabupaten;Chemists
Rumah Sakit Citra Harapan;Jl. Raya Harapan Indah 317131 Klaten  - Kabupaten;Chemists
Rumah Sakit Jiwa Atmamahusada Mahakam Samarinda;Jalan Kakap 2375115 Kota Samarinda;Chemists
Jaminan Sosial Tenaga Kerja (Persero);Jalan Doktor Sutomo 165111 Kota Malang;Chemists
Intervet Indonesia;Wisma 46 Kota BNI 27Th Floor Suite 27.01 10220 Jakarta;Chemists
Rumah Sakit Umum Panti Baktiningsih;Klepu Sendangmulyo Minggir 55562 Kota Yogyakarta;Chemists
Klinik Kimia Farma 105;Jalan Dokter Sutomo 3675123 Kota Samarinda;Chemists
RS. Krakatau Medika;Jalan Semar 42423 Kota Cilegon;Chemists
Dinas Kesehatan Provinsi Jawa Barat;Jalan Pasteur 2540171 Kota Bandung;Chemists
Horiba Indonesia;Jalan Jalur Sutera 15144 Klaten  - Kabupaten;Chemists
Natura Perisa Aroma;Jalan Insinyur Sutami 935122 Kota Bandar Lampung;Chemists
RS MMC;RS Mmc 12940 Jakarta;Chemists
Kimia Farma Apotek;Jl. Brigjen Sudiarto 3050714 Salatiga;Chemists
Apotek Kimia Farma;Jalan Soeprapto 6438886 Kota Bengkulu;Chemists
Dompet Duafa;Jalan Parang Klitik 4257411 Klaten  - Kabupaten;Chemists
Universitas Bina Darma;Jalan Jenderal Ahmad Yani 330263 Kota Palembang;Chemists
Klinik Bedah Surabaya;Jalan Ngagel Wasana 1 3960116 Kota Surabaya;Chemists
Bintari;Jl. Tirto Agung Barat V 2150268 Banyumanik  - Pedalangan;Chemists
Klinik Monhal Persada;Jalan Serang 2315133 Kota Tangerang;Chemists
Apotek Kimia Farma 134;Jalan Pejanggik 4883121 Kota Mataram;Chemists
East Bali Poverty Project;Yz Jl. Tunjugan Sari 280117 Dompu  - Bali;Chemists
Internasional Budi Bahagia;Jalan Wolter Mongonsidi 95513 Kota Bitung;Chemists
Kimia Farma Apotek;Jl. Hasanuddin 53 East Java;Chemists
Riau Anggun Mandiri;Jl. Bima Tuanku Tambusai 128292 Riau;Chemists
Melawai Apotik;Jalan Melawan 2111170 Jakarta;Chemists
Citra Madakaripura Persada;Jalan Soekarno - Hatta 8867219 Kota Probolinggo;Chemists
Optik Merdeka;Jalan HOS Cokroaminoto 57412 Klaten  - Kabupaten;Opticians (Retail)
Rumah Sakit Bedah & Obgyn Dr Moedjito;Jl. Hayam Wuruk 961411 Klaten  - Kabupaten;Opticians (Retail)
RSU Islam Harapan Anda;Jalan Ababil 4252122 Kota Tegal;Opticians (Retail)
Klinik PKU Muhammadiyah;Jalan Doktor Husen Kartasasmita 8446312 Banjar;Opticians (Retail)
Tirta Asri;A 24 Jl. Karah Indah 2460232 Kota Surabaya;Opticians (Retail)
Klinik Dr. Nancy;Jl. Raya Setu Mustika Jaya 17145 Klaten  - Kabupaten;Opticians (Retail)
Apotek Kimia Farma 330 Thi;Jl. Boulevard Hijau Raya 17151 Ruko Sentra Niaga Blok B8 No. 9;Opticians (Retail)
Surabaya Cancer Center;Jalan Manggar 960272 Kota Surabaya;Opticians (Retail)
Dewata Makmur Sejahtera;Jalan Pulau Nusa Penida 2680114 Dompu  - Bali;Opticians (Retail)
Rumah Sakit Ibu Dan Anak Sentosa Bogor;Jalan Kemang 1816310 Klaten  - Kabupaten;Opticians (Retail)
Rumah Sakit Fathma Medika;Jalan Pendopo 4561151 Klaten  - Kabupaten;Opticians (Retail)
Jayamas Medica Industri;Jalan Kergan 2857485 Klaten  - Kabupaten;Opticians (Retail)
Lab Pramita;Jl. Diponegoro 3720215 Obi Timur  - Sum;Opticians (Retail)
Apotek Kimia Farma 100;Jl. Seraya 29432 Riau Islands;Opticians (Retail)
Apotek Kimia Farma271;Jl. KH. Ahmad Dahlan 950194 Central Java;Opticians (Retail)
Akademi Akuntansi Bandung;Jalan Merdeka 3340117 Kota Bandung;Opticians (Retail)
Grafilin Desa Putera;Jalan Desa Putra 12640 Jakarta;Opticians (Retail)
Sekolah Tinggi Ilmu Ekonomi Mandala;Jalan Sumatera 11868121 Klaten  - Kabupaten;Opticians (Retail)
Rumah Sakit Umum Daerah Sumberrejo;Jalan Sumberrejo 23157421 Klaten  - Kabupaten;Opticians (Retail)
Optik Merdeka;Jalan Jenderal Sudirman 6453313 Klaten  - Kabupaten;Opticians (Retail)
Rumah Sakit Permata Bekasi;Jalan Legenda Raya 9 917158 Kota Bekasi;Hospitals
Rumah Sakit Astrini;Jl. Brigjend Katamso 57661 Klaten  - Kabupaten;Hospitals
Rilyzni Prakarsa Investama;Jl.Sultan Haji Lingkungan II 35132 Kota Bandar Lampung;Hospitals
Rajawali Nusindo;Jl. Wolter Monginsidi 5490142 Jakarta Timur  - Makasar;Hospitals
Resman;Jalan Residen Sudirman 2560131 Kota Surabaya;Hospitals
Klinik Kimia Farma Cirendeu;Jl. Cireundeu Raya 2715414 Klaten  - Kabupaten;Hospitals
Rumah Sakit Umum Daerah Kota Cilegon;Jl. Kapt. P. Tendean 342412 Kota Cilegon;Hospitals
Kusuma Medical Center;Jalan Mayjend Sutoyo 3876113 Balikpapan;Hospitals
Apotek Kimia Farma396;Jalan Hasanuddin 13795114 Kota Manado;Hospitals
Morula IVF;The Bic Building 1210350 Jakarta;Hospitals
Bangun Wenang Beverages Coy;Apotik Setia Building 133 Kota Manado;Hospitals
RS Lira Medika;Jalan Syekh Quro 1441314 Klaten  - Kabupaten;Hospitals
Muhana Sano Esensi;Jalan Wolter Mongonsidi 4050112 Kota Semarang;Hospitals
BPJS Kesehatan;Jl. Letjend Suprapto 1410510 Jakarta;Hospitals
Klinik Mata Mayestik;Jalan Kota Bumi 1410210 Jakarta;Hospitals
Rumah Sakit Gading Pluit;"C/O; Gading Pluit Jasa Medika 14250 Jakarta";Hospitals
Iom;Sampoerna Strategic Square - North Tower 12930 Jakarta;Hospitals
Klinik Cahaya Husada;Jalan Rawa 6853266 Cilacap Tengah  - Sidanegara;Hospitals
RSUD Dr. R Soetijono Blora;Jalan Doktor Sutomo 4257451 Klaten  - Kabupaten;Hospitals
Wilujeng Abadi;Jalan Joyoboyo 464183 Padangan;Hospitals
Rumah Sakit Ibu Dan Anak Mutiara Bunda Cilegon;Jalan Sultan Ageng Tirtayasa 8642441 Kota Cilegon;Hospitals
Sinalsal Marbungaran Farma;Jl. Doktor Wahidin Sudirohusodo 8 Kota Pontianak;Hospitals
Apotek Kimia Farma;Jl. Pulau Nias 80115 Dompu  - Bali;Hospitals
Apotek Kimia Farma45;Jalan Raya Darmo 9460264 Kota Surabaya;Hospitals
Kimia Farma Apotek;Jl. P.B. Sudirman 33967253 Klaten  - Kabupaten;Hospitals
Apotek Kimia Farma Cendrawasih;Jl. Ahmad Yani 6799221 Papua;Hospitals
RSIA Kirana;Jalan Ngebong 8757471 Klaten  - Kabupaten;Hospitals
Grand Modern;Jalan Doktor A Rivai 135112 Kota Bandar Lampung;Hospitals
RSIA Asyifa Depok;Jl. Raya Cinere Depok 9 Depok;Hospitals
Dinas Kesehatan Kota Bandung;Jalan Suparman 7357436 Klaten  - Kabupaten;Hospitals
Nayaka Era Husada;Jalan Ciliwung 1765122 Kota Malang;Hospitals
Beart Korean Skin Clinic;Jalan Pluit Putera 1814450 Jakarta;Hospitals
Rigita Medika Mulya;Jalan Kyai Haji Hasyim Ashari 1815145 Kasemen  - Banten;Hospitals
Rumah Sakit Muhammadiyah Selogiri Wng;Jl. Lama Nambangan Selogiri 57652 Klaten  - Kabupaten;Hospitals
Apotek Kimia Farma408;Jl. Rd. Syamsudin 5043111 Klaten  - Kabupaten;Hospitals
Apotek Kimia Farma 446;Jalan Narogong 1416820 West Java;Hospitals
Buwana Artha Nusantara;Jalan T 2712820 Jakarta;Hospitals
Rumah Sakit Pertamedika Ummi Rosnati;Jl. Sekolah Gampoeng Ateuk Pahlawan 523241 Kota Banda Aceh;Hospitals
Klinik Graha Mitra;Jl. Raya Hankam 317116 Klaten  - Kabupaten;Hospitals
Apotek Kimia Farma;Jalan Kelapa Gading 1 1557438 Klaten  - Kabupaten;Hospitals
Klinik Estetika;Jalan Dr Muwardi 1157141 Laweyan  - Bumi;Medical Clinics
Klinik Medika Utama;A Jl. Mulawarman 2476116 Balikpapan;Medical Clinics
Apotek Kimia Farma 383;Jl. Pinus 3870241 Manis Mata  - Kalimantan;Medical Clinics
RS Dharma Husada;Jalan Ngebong 19257471 Klaten  - Kabupaten;Medical Clinics
Kimia Farma;Komp. Pertokoan SP 29439 Riau Islands;Medical Clinics
Rumah Sakit Juwita;Jalan Mayor Madmuin Hasibuan 7817113 Kota Bekasi;Medical Clinics
RS Panti Rahayu;Jl. Letjen. R. Suprapto 658111 Klaten  - Kabupaten;Medical Clinics
RTI International;Ratu 910270 Jakarta;Medical Clinics
Apotek Kimia Farma Puri Indah;Jl. Cemengkalang 3561263 Klaten  - Kabupaten;Medical Clinics
Rumah Sakit Islam Lumajang;Jalan Kyai Muksin 1967311 Klaten  - Kabupaten;Medical Clinics
Rumah Sakit Islam Assyifa;Jl. Jend. Sudirman 2743111 Kota Sukabumi;Medical Clinics
Klinik Kimia Farma 390;Jalan Setia Budi 6594226 Kota Palu;Medical Clinics
Optik Subang;Jl. Panglima Sudirman 1766362 Klaten  - Kabupaten;Medical Clinics
Sapta Kurnia Abadi;Jl. Raya Ciselang Cikampek Utara 41373 Klaten  - Kabupaten;Medical Clinics
Klinik Kimia Farma Mapanget;Jalan A A Maramis 95113 Kota Manado;Medical Clinics
Rumah Sakit Umum Daerah Panembahan Senopati Bantul;Jl. Dr. Wahidin Sudirohusodo 55714 Klaten  - Kabupaten;Medical Clinics
Rumah Sakit Umum Royal Surabaya;Jalan Rungkut Industri 1 160293 Kota Surabaya;Medical Clinics
Apotek Kimia Farma;Grand Wisata 5117211 Klaten  - Kabupaten;Medical Clinics
Vit Profesional Indosehat;Kalibata City Tower Sakura Unit S/Gf Kl. 1 Jakarta;Medical Clinics
Rumah Sakit Bhayangkara Bondowoso;Jl. Jend Pol S Judodiharjo 1268287 Klaten  - Kabupaten;Medical Clinics
Klinik Kimia Farma 217;Jalan Jenderal Ahmad Yani 17978813 Manis Mata  - Kalimantan;Chemists
PT.Rupa Aestetika Teknologi Aktual;Kompleks Ruko Permata Senayan 2112210 Jakarta;Chemists
Virto;Ruko Galaxi Bumi Permai J1-23A 160119 Kota Surabaya;Chemists
Sejahtera Surya Intrio;Jalan Ngagel Jaya Utara 10660284 Kota Surabaya;Chemists
RS Jiwa Cisarua;Jl. Kolonel Masturi 740617 Klaten  - Kabupaten;Chemists
Klinik Kimia Farma 420;Jalan Adi Sumarmo 11457136 Surakarta;Chemists
Siloam Hospitals;Jalan Gubeng Jaya 7060281 Kota Surabaya;Chemists
BP Mandau Sejahtera;Jalan Jenderal Sudirman 3528784 Klaten  - Kabupaten;Chemists
Weren Mulia Estetika;Jalan Pluit Karang Permai 14450 Jakarta;Chemists
Optik Tunggal;-36L Jl. Pintu Air Raya 3610710 Jakarta;Chemists
Gewinn Gold Hotama;Jalan Bunga Raya 317124 Kota Bekasi;Chemists
Apotek Kimia Farma Gedangan;Jalan Jenderal Ahmad Yani 11961254 Klaten  - Kabupaten;Chemists
Klinik Kimia Farma 141;Jalan Sumber - Kesambi 13245171 Klaten  - Kabupaten;Chemists
Apotek Kimia Farma 488;Komp. Ruko Tiban Impian 29432 Riau Islands;Chemists
Klinik Rafael;Jl. Plampitan 3350519 Klaten  - Kabupaten;Chemists
Apotek Kimia Farma;Jalan HR Soebrantas 9928125 Kota Pekanbaru;Chemists
Rumah Sakit Sari Asih;Jalan Imam Bonjol 3815114 Kota Tangerang;Chemists
Karya Husada;Jl. Soekarno Hatta Po Box 15364225 Klaten  - Kabupaten;Chemists
RS KIA Harapan Bunda Bandung;Jl. Pluto Raya Street 40286 Kota Bandung;Chemists
Apotek Kimia Farma;Jalan Raya Daru 816370 Klaten  - Kabupaten;Chemists
Infomedia Nusantara;121 Jalan K.H. Mas MansyurCitywalk Sudirman Building 3rd Floor, Kav10220 Kota Jakarta Pusat;Information By PhoneAdvisors In Private, Social And Family Financial Matters
Tripilar Medis Jaya;Jalan Ipda Tut Harsono 5355165 Kota Yogyakarta;Information By PhoneAdvisors In Private, Social And Family Financial Matters
RS Awal Bros Panam;Jalan HR Soebrantas 8828291 Kota Pekanbaru;Information By PhoneAdvisors In Private, Social And Family Financial Matters
Diandra Clinic;Plaza Graha Famili D 60228 Kota Surabaya;Information By PhoneAdvisors In Private, Social And Family Financial Matters
Natasha - Skin Care;Jalan Urip Sumoharjo 6555222 Kota Yogyakarta;Information By PhoneAdvisors In Private, Social And Family Financial Matters
Jumbotama Pluit Indonesia;Jalan Pluit Selatan Raya 214450 Jakarta;Information By PhoneAdvisors In Private, Social And Family Financial Matters
Medika Loka Lampung;Jl. Tulang Bawang 2135213 Kota Bandar Lampung;Information By PhoneAdvisors In Private, Social And Family Financial Matters
RSU Fastabiq Sehat PKU Muhammadiyah;Jl. Raya Pati - Tayu 359119 Klaten  - Kabupaten;Information By PhoneAdvisors In Private, Social And Family Financial Matters
Apotek Kimia Farma Pelengkap RS Telling;Jalan 14 Februari 1495113 Kota Manado;Information By PhoneAdvisors In Private, Social And Family Financial Matters
Rumah Sakit Ibu Dan Anak Hermina Bitung;Jalan Raya Serang 1015810 Klaten  - Kabupaten;Information By PhoneAdvisors In Private, Social And Family Financial Matters
Dian Anugerah Lestari;Jalan Bakti 10260 Jakarta;Information By PhoneAdvisors In Private, Social And Family Financial Matters
Klinik Gustavvet;Jl. Raya Kebayoran Lama 711540 Jakarta;Information By PhoneAdvisors In Private, Social And Family Financial Matters
RSU Famili Husada;Jalan Astina Timur 880512 Dompu  - Bali;Information By PhoneAdvisors In Private, Social And Family Financial Matters
Kimia Farma;Jl. Kol. L. Soetarto 5757126 Surakarta;Information By PhoneAdvisors In Private, Social And Family Financial Matters
Mitrakarya Agroindo;Bii 5110350 Jakarta;Information By PhoneAdvisors In Private, Social And Family Financial Matters
Rumah Sakit Berumah Sakitalin Mutiara Bunda Salatiga;Jalan Merak 850721 Salatiga;Information By PhoneAdvisors In Private, Social And Family Financial Matters
Igyolini Korpora Utama;Jl. Petogogan II / 2912160 Jakarta;Information By PhoneAdvisors In Private, Social And Family Financial Matters
Little Ants Preschool;Wisma 46 Kota BNI 2Rd Floor Unit 2.05 10220 Jakarta;Information By PhoneAdvisors In Private, Social And Family Financial Matters
RSIA Permata Bunda;Jl. Adinegoro By Pass 27317 Klaten  - Kabupaten;Information By PhoneAdvisors In Private, Social And Family Financial Matters
Bronson & Jacobs Indonesia;Ji. MH Thamrin 15320 Kasemen  - Banten;Information By PhoneAdvisors In Private, Social And Family Financial Matters
Optik Sekar, Apotek & Praktek Bersama Dr. Spesialis;Jalan Diponegoro 13584218 Dompu  - Bali;Dentists General PractitionersPhysicians: Ophthalmology
Essity Hygiene And Health Indonesia;BSD Green Office Park 642527 Klaten  - Kabupaten;Dentists General PractitionersPhysicians: Ophthalmology
RSIA Hermina Bekasi;Jalan Kemakmuran 3917141 Kota Bekasi;Dentists General PractitionersPhysicians: Ophthalmology
RSB Taman Harapan Baru;Jalan Harapan Baru 17133 Kota Bekasi;Dentists General PractitionersPhysicians: Ophthalmology
Rumah Sakit Siloam Hospital Balikpapan;Jalan MT Haryono 976114 Balikpapan;Dentists General PractitionersPhysicians: Ophthalmology
Rumah Sakit Islam Muhammadiyah Kendal;Jl. Ar Rahmah 1851215 Klaten  - Kabupaten;Dentists General PractitionersPhysicians: Ophthalmology
Pratama Jaya Perkasa;Jalan Klampis Jaya 15460117 Kota Surabaya;Dentists General PractitionersPhysicians: Ophthalmology
Rumah Sakit Umum Bhakti Rahayu;Jalan Gatot Subroto 2 1180231 Dompu  - Bali;Dentists General PractitionersPhysicians: Ophthalmology
Rumah Sakit Immanuel;Jalan Kopo 16140224 Kota Bandung;Dentists General PractitionersPhysicians: Ophthalmology
Rumah Sakit Berumah Sakitalin Bunda Semarang;Jl. Brigjen Katamso 850125 Klaten  - Kabupaten;Dentists General PractitionersPhysicians: Ophthalmology
Nurul Hayat;Perum. IKIP Gunung Anyar B-48 4860294 Kota Surabaya;Dentists General PractitionersPhysicians: Ophthalmology
Laboratorium Klinik Pramita;Jalan Adityawarman 7360242 Kota Surabaya;Dentists General PractitionersPhysicians: Ophthalmology
Klinik Ibnu Sina;Jalan Marsma R Iswahyudi 476115 Balikpapan;Dentists General PractitionersPhysicians: Ophthalmology
Pelindo Husada Citra;Jl. Prapat Kurung Selatan 160165 Kota Surabaya;Dentists General PractitionersPhysicians: Ophthalmology
Macrocitra Ardanasejati;Jl. Meruya Utara Kembangan 11620 Jakarta;Dentists General PractitionersPhysicians: Ophthalmology
STF Widya Sasana;Jalan Terusan Rajabasa 265146 Klaten  - Kabupaten;Dentists General PractitionersPhysicians: Ophthalmology
Rumah Sakit Prof Dr Tabrani;Jalan Jenderal Sudirman 41028284 Kota Pekanbaru;Dentists General PractitionersPhysicians: Ophthalmology
Sekolah Perhotelan Bali;Jalan Kecak 1280239 Dompu  - Bali;Dentists General PractitionersPhysicians: Ophthalmology
Reliance CCTV Jogja;Sinduadi Jl. Magelang 655284 Sleman;Dentists General PractitionersPhysicians: Ophthalmology
Akademi Kebidanan Griya Husada;Jl. Dukuh Pakis Baru II 11060225 Kota Surabaya;Dentists General PractitionersPhysicians: Ophthalmology
Rumah Sakit Umum Graha Ultima Medika;Jalan Majapahit 1083127 Kota Mataram;Hospitals
Rumah Sakit Santo Borromeus;Jalan Insinyur Haji Djuanda 10040132 Kota Bandung;Hospitals
Widatra Bhakti;Wisma Tugu Raden Saleh 4410330 Jakarta;Hospitals
Chill Room By Lagoon Spa Seminyak;Jl. Nakula Gg Baik-Baik 80111 Dompu  - Bali;Hospitals
Inovasi Tesmak Indonesia;Jalan Kepatihan 1140251 Kota Bandung;Hospitals
Rumah Sakit Ridhoka Salma Cikarang;Jalan Imam Bonjol 717520 Klaten  - Kabupaten;Hospitals
Eka Hospital;Jl. Ir. Soekarno-Hatta 628282 Kota Pekanbaru;Hospitals
Rumah Sakit Umum Santo Antonius;Jl. K.H Wahidin Hasyim 24978116 Kota Pontianak;Hospitals
Rsal Dr Mintohardjo;Jalan Bendungan Hilir 1710270 Jakarta;Hospitals
RS. PKU Muhammadiyah;Jalan Ronggowarsito 13057131 Surakarta;Hospitals
Rumah Sakit RK. Charitas;Jalan Jenderal Sudirman 105430129 Kabupaten Aceh Barat;Hospitals
Erela;Jalan Erlangga Raya 950242 Kota Semarang;Hospitals
Rumah Sakit Prima Medika;Jl. Pulau Serangan 980361 Dompu  - Bali;Hospitals
Garuda Sentra Medika;Jalan Angkasa 10610 Jakarta;Hospitals
Rumah Sakit PKU Muhammadiyah;Jalan Kyai Haji Ahmad Dahlan 2055121 Kota Yogyakarta;Hospitals
Spektris Metalab;Jalan Tanah Abang 1 1210160 Jakarta;Hospitals
Siti Hajar;Jalan Raden Patah 7061217 Klaten  - Kabupaten;Hospitals
Rumah Sakit Pondok Indah;Rumah Sakit Pondok Indah 1412310 Jakarta;Hospitals
SMK Caraka Nusantara;Komp. Pulo Gebang Permai 13950 Jakarta;Hospitals
SMK Negeri 4;Jalan Kliningan 640264 Kota Bandung;Hospitals
Stephanie Dental Clinic;Menara Duta 12920 Jakarta;Physicians: Occupational Medicine
Santa Ursula;Jalan Letnan Sutopo 15311 Kota Tangerang Selatan;Physicians: Occupational Medicine
Rumah Sakit Haji Medan;Jl. Rumah Sakit Haji Medan 20216 Percut Sei Tuan;Physicians: Occupational Medicine
Bandung Pilot Academy;A Jl. Pajajaran 15440174 Kota Bandung;Physicians: Occupational Medicine
RSIA Sayyidah;Jalan Taman Malaka Selatan 613450 Jakarta;Physicians: Occupational Medicine
Dentamedica Care Center;Jl. AP. Pettarani 2190174 Jakarta Timur  - Makasar;Physicians: Occupational Medicine
Badan Nasional Pencarian Dan Pertolongan;Jalan Angkasa 10710 Jakarta;Physicians: Occupational Medicine
Ken Saras Rumah Sakit;Jalan Soekarno Hatta 2950552 Klaten  - Kabupaten;Physicians: Occupational Medicine
PT Ceria Inovasi Internasional;Jalan Doktor Ide Anak Agung Gde Agung 112930 Jakarta Selatan;Physicians: Occupational Medicine
Haes Brothers;Jalan Mayor Jenderal Sungkono 60225 Kota Surabaya;Physicians: Occupational Medicine
Kimia Sakti Kalista;Ksk Building 1510150 Jakarta;Physicians: Occupational Medicine
Austindo Nusantara Jaya Healthcare;Jl. Arjuna Utara 5011510 Jakarta;Physicians: Occupational Medicine
Rumah Sakit Khusus Paru Surabaya;Jalan Karang Tembok 3960153 Kota Surabaya;Physicians: Occupational Medicine
Rumah Sakit Simpangan Depok;Jalan Bogor 3616515 Depok;Physicians: Occupational Medicine
Early Childhood Care And Development Resource Center;Jl. D.I. Panjaitan 7055241 Kota Yogyakarta;Physicians: Occupational Medicine
Universitas Triatma Mulya;Jl. Kubu Gunung Tegal Jayaÿdalung - Kuta Utara 80361 Klaten  - Kabupaten;Physicians: Occupational Medicine
Rumah Sakit Islam Wonosobo;Jl. Mayjen Bambang Sugeng 356317 Klaten  - Kabupaten;Physicians: Occupational Medicine
Rumah Sakit Abdi Waluyo;Jalan HOS Cokroaminoto 3110220 Jakarta;Physicians: Occupational Medicine
Multi Instrumentasi Mandiri;Jalan Perintis Kemerdekaan 17850263 Kota Semarang;Physicians: Occupational Medicine
BPK Penabur RDK;Jalan Beji 57464 Klaten  - Kabupaten;Physicians: Occupational Medicine
Kimia Farma Apotek;Jalan Budi Utomo 110710 Jakarta;Pharmaceutical LaboratoriesChemists
Rumah Sunatan Indonesia;Jl. KH Agus Salim 5017112 Kota Bekasi;Pharmaceutical LaboratoriesChemists
Murano Spa;Jl. Dewi Saraswati 80231 Dompu  - Bali;Pharmaceutical LaboratoriesChemists
Apotek Kimia Farma;Jl. Hayam Wuruk 3280118 Dompu  - Bali;Pharmaceutical LaboratoriesChemists
Rumah Sakit TK III Ciremai;Jalan Kesambi 23745132 Kota Cirebon;Pharmaceutical LaboratoriesChemists
Realia Karsa Mulya;Jl.Pandega Marta V/6 6 Klaten  - Kabupaten;Pharmaceutical LaboratoriesChemists
Al Hassan;Jalan Jambu 1117422 Kota Bekasi;Pharmaceutical LaboratoriesChemists
Kerta Rajasa Raya;Jalan Raya Tropodo 161256 Klaten  - Kabupaten;Pharmaceutical LaboratoriesChemists
Genecraft Labs;Business Park Kebon Jeruk  Jakarta;Pharmaceutical LaboratoriesChemists
Rumah Sakit Pelabuhan Cirebon;Jalan Sisingamangaraja 4545121 Kota Cirebon;Pharmaceutical LaboratoriesChemists
Neolab Prima Indonesia;Jalan Kyai Haji Hasyim Ashari 12510150 Jakarta;Pharmaceutical LaboratoriesChemists
Rumah Sakit TNI AU Dr Salamun;Jalan Ciung 20340133 Kota Bandung;Pharmaceutical LaboratoriesChemists
Rumah Sakit Bhakti Asih;Jalan Pangeran Diponegoro 12552212 Klaten  - Kabupaten;Pharmaceutical LaboratoriesChemists
Kao Indonesia;Kao Building 12770 Jakarta;Pharmaceutical LaboratoriesChemists
Rumah Sakit Yos Sudarso;Jalan Situjuh 125129 Kota Padang;Pharmaceutical LaboratoriesChemists
Banyan Tree Management;Jl. Teluk Berembang Site A4 429155 Riau Islands;Pharmaceutical LaboratoriesChemists
Trikarya Abadi;B Jl. Soekarno Hatta 478 Kota Bandung;Pharmaceutical LaboratoriesChemists
Dragon Prima Farma;Jalan Kaligawe 350113 Kota Semarang;Pharmaceutical LaboratoriesChemists
Rumah Sakit Umum TK.III Bhakti Wira Tamtama Smg;Jalan Doktor Sutomo 1757451 Klaten  - Kabupaten;Pharmaceutical LaboratoriesChemists
Seno Medika Klinik Khitan;Jalan Jenderal Ahmad Yani 67540125 Kota Bandung;Pharmaceutical LaboratoriesChemists
Elti Yogyakarta;Jalan Sabirin 655224 Kota Yogyakarta;Specialised Education Establishments
Rumah Sakit Siloam Purwakarta;Jalan Raya Bungur Sari 141181 Klaten  - Kabupaten;Specialised Education Establishments
Kinglab Indonesia;Karawaci Office Park 15139 Kota Tangerang;Specialised Education Establishments
Rumah Sakit Royal Progress;Jalan Danau Sunter Utara 14350 Jakarta;Specialised Education Establishments
IT&B Campus;Jalan Mahoni 1620235 Obi Timur  - Sum;Specialised Education Establishments
Rumah Sakit Mata Undaan;Jalan Undaan Kulon 1960274 Kota Surabaya;Specialised Education Establishments
Asosiasi Broker Asuransi Dan Reasuransi Indonesia;Jalan Kyai Haji Mas Mansyur 10210 Jakarta;Specialised Education Establishments
Sekolah Tinggi Ilmu Kesehatan Immanuel;Jalan Kopo 16140231 Kota Bandung;Specialised Education Establishments
Seis Optik;Jalan Gajah Mada 3450131 Kota Semarang;Specialised Education Establishments
Prime Plus Medical - Bali Medical Clinic;Jl. Subak Sari , Tibubeneng, North Kuta, Badung Regency, Bali 9080361 Badung;Specialised Education Establishments
Rumah Sakit Umum Daerah Kota Semarang;Jalan Fatmawati 150273 Kota Semarang;Specialised Education Establishments
Bintaro Dental Center;Jalan Bintaro Utama 5 415224 Kota Tangerang Selatan;Specialised Education Establishments
Perisai Husada;Jalan Halmahera 840115 Kota Bandung;Specialised Education Establishments
Rumah Sakit Islam Sultan Agung;Jalan Kaligawe 450113 Kota Semarang;Specialised Education Establishments
Pertiwi Agung;Mensa 2 Building 2Nd Floor 12910 Jakarta;Specialised Education Establishments
Rumah Sakit Umum William Booth;Jalan Letnan Jenderal S Parman 550232 Kota Semarang;Specialised Education Establishments
Cahaya Advchem Digital Printing;Ruko Sentra Kencana 860246 Kota Surabaya;Specialised Education Establishments
RSU Harapan Ibu;Jalan Mayor Jenderal Sungkono 153371 Klaten  - Kabupaten;Specialised Education Establishments
Stikes Muhammadiyah Klaten;Jalan Jambor Indah 157419 Klaten  - Kabupaten;Specialised Education Establishments
Rumah Sakit Jiwa Dr Soeharto Heerdjan Jakarta;Jalan Profesor Doktor Latumeten 111460 Jakarta;Specialised Education Establishments
Sumber Utama Kimiamurni;Ruko Klampis Square 60117 Kota Surabaya;Medical Laboratories
Rumah Sakit Umum Daerah Dr R Soetrasno;Jalan Pahlawan 1659218 Klaten  - Kabupaten;Medical Laboratories
Wisma Bahasa;Wisma Bahasa 1555281 Klaten  - Kabupaten;Medical Laboratories
Korea Trade Center;Wisma Gkbi 2810210 Jakarta;Medical Laboratories
Rumah Sakit Bersalin Kusuma;Jalan Bima 357416 Klaten  - Kabupaten;Medical Laboratories
Persatuan Karya Dharma Kesehatan Indonesia;Jalan Kramat 6 710330 Jakarta;Medical Laboratories
Arta Prigel;Desa Padang Lengkuas 31400 Klaten  - Kabupaten;Medical Laboratories
Duta Kimia Internusa;Jalan Sagitarius 1 1340275 Kota Bandung;Medical Laboratories
Kanefusa Indonesia;Ejip Industrial Park Polt 17530 Klaten  - Kabupaten;Medical Laboratories
PT Damai Angkasa Medisraya;Jalan Doktor Saharjo 12860 Jakarta Selatan;Medical Laboratories
Maneungteung Anugerah Mandiri;Jalan Bintara 9 4917136 Kota Bekasi;Medical Laboratories
Waris;Jalan Haji Ten 1 4113220 Jakarta;Medical Laboratories
Indigo Studio;Ruko Klampis Square 60117 Kota Surabaya;Medical Laboratories
Klinik Penta Medika;Jl. Teuku Umar Barat 8880233 Dompu  - Bali;Medical Laboratories
RS Mitra Keluarga Bekasi;Jalan Jenderal Ahmad Yani 17144 Kota Bekasi;Medical Laboratories
Rumah Sakit Duta Indah;Jalan Teluk Gong A1 1214450 Jakarta Utara;Medical Laboratories
International Wellbeing Center;Dharmawangsa Square 336337 Jakarta;Medical Laboratories
Akademi Kebidanan Harapan Ibu Pekalongan;Jalan Sriwijaya 751114 Pekalongan;Medical Laboratories
RSU Rajawali Citra;Jl. Pleret KM 2.5 55196 Bantul;Medical Laboratories
RS. HARAPAN BUNDA BANDA ACEH;Jalan Teuku Umar 18123233 Banda Aceh;Medical Laboratories
Rumah Sakit Umum Daerah Kota Bandung;Jalan Rumah Sakit 2240294 Bandung;Hospitals
PT Cobra Dental Indonesia;Jalan Pakuningratan 6955231 Yogyakarta;Hospitals
HERBAL ONLINE SURABAYA;Jalan Dukuh Gemol 1 160229 Surabaya;Hospitals
Rumah Sakit Emanuel;Purwareja - Klampok Banjarnegara 53474 Klaten  - Kabupaten;Hospitals
Apotek Kimia Farma;Jalan Ahmad Yani Timur 3070714 Kota Banjarbaru;Hospitals
Klinik Kimia Farma 331, Bahu;Jalan Wolter Monginsidi 2995113 Kota Manado;Hospitals
Rumah Sakit Islam Pati;Jl. Raya Pati Tayu 1859181 Klaten  - Kabupaten;Hospitals
SOS Medika;Jalan Puri Sakti 1 1012410 Jakarta;Hospitals
Alhamd Global Makmur;Gang Rajawali 35144 Kota Bandar Lampung;Hospitals
Toko Non Jaya;Jalan Yos Sudarso  Kota Lubuk Linggau;Hospitals
BPJS Kesehatan;Jalan Karya 13520117 Obi Timur  - Sum;Hospitals
Rumah Sakit Adella;Jl. Prof Moh Yamin 7752183 Klaten  - Kabupaten;Hospitals
Akademi Pariwisata Pertiwi;Jalan Dewi Sartika 13640 Jakarta;Hospitals
Rumah Sakit Umum Kasih Bunda Cimahi;Jalan Mahar Martanegara 16640521 Kota Cimahi;Hospitals
Rumah Sakit Kharitas Bhakti;Jalan Siam 15378122 Kota Pontianak;Hospitals
PMI Utdc Kota Pasuruan;Jalan Untung Surapati 67116 Klaten  - Kabupaten;Hospitals
Rumah Sakit Kurnia Serang;Jalan Raya Cilegon 842161 Klaten  - Kabupaten;Hospitals
Rumah Sakit Umum Daerah Dr R Koesma;Jl. Dr. Wahidin Sudirohusodo 80062315 Klaten  - Kabupaten;Hospitals
Apotek Kimia Farma;Jalan Simo 4457432 Klaten  - Kabupaten;Hospitals
Kumala Nugraha Rachman;Jalan Pangeran Antasari 3375124 Kota Samarinda;Hospitals
Rumah Sakit Umum Daerah Lawang;Jl. R.A. Kartini 565211 Klaten  - Kabupaten;Hospitals
Kimia Farma Cendrawasih;Jalan Cendrawasih 23313650 Jakarta Timur  - Makasar;Hospitals
Rumah Sakit Islam Al-Ikhlas;Jl. Kolonel Soegiono 1352361 Klaten  - Kabupaten;Hospitals
Apotek Kimia Farma 369;Jl. Tuparev 8545142 Klaten  - Kabupaten;Hospitals
Dinas Kesehatan Provinsi Jawa Timur;Jalan Jenderal Ahmad Yani 11860231 Kota Surabaya;Hospitals
Multi Medika Laboratory;Jalan Pasar 5 Barat 20371 Kabupaten Deli Serdang;Hospitals
Rumah Sakit Islam Darus Syifa';Jalan Raya Benowo 560194 Kota Surabaya;Hospitals
Rumah Sakit Katolik Budi Rahayu;Jalan Jenderal Ahmad Yani Gang 3 1866131 Kota Blitar;Hospitals
Apotek Kimia Farma;Jl. Dr. Sutomo 929122 Kota Tanjung Pinang;Hospitals
Rumah Sakit Melinda 2;Jalan Doktor Cipto Mangunkusumo 140171 Kota Bandung;Hospitals
Rumah Sakit Harapan Jayakarta;Jl. Bekasi Timur Raya 613930 Jakarta;Hospitals
Hermina Karawang;Jl. Tuparev 38614314 Klaten  - Kabupaten;Hospitals
Rumah Sakit Islam Kustati;Jalan Kapten Mulyadi 24957188 Surakarta;Hospitals
Klinik Praga Medika;Jl. Jend. Sudirman 10245256 Klaten  - Kabupaten;Hospitals
Conservation International;Jl. Pejaten Barat 1612550 Jakarta;Hospitals
Sinar Senyum Nusantara;Palais De Paris A/16 Kota Deltamas 16 Klaten  - Kabupaten;Hospitals
Stikes Bahrul Ulum Jombang;Jl. Kh Abdul Wahab Chasbulloh 62451 Klaten  - Kabupaten;Hospitals
Bio Medika Laboratorium Klinik Utama;Jalan Ciujung 1011430 Jakarta;Hospitals
Rumah Sakit Ibu Dan Anak Husada Bunda;Jalan Pahlawan Trip 265115 Kota Malang;Hospitals
Rumah Sakit Islam Fatimah Banyuwangi;Jalan Jambu 2557423 Klaten  - Kabupaten;Hospitals
RS Harapan Mulia;Jl. Raya Cibarusah 517530 Klaten  - Kabupaten;Hospitals
Klinik Makmur Jaya;Jl. Wr Supratman 2915312 Klaten  - Kabupaten;Hospitals
Rumah Sakit Mitra Medika Cikarang;Jl. Jatiwangi 17116 Klaten  - Kabupaten;Hospitals
Rumah Sakit Rahman Rahim;Jalan Saimbang 61258 Klaten  - Kabupaten;Hospitals
Rumah Sakit Siti Khodijah Pekalongan;Jalan Bandung 3951122 Kota Pekalongan;Hospitals
Murni Teguh Memorial Hospital;Jalan Jawa 220231 Kota Medan;Hospitals
Lab Kimia Farma Lampung;Jalan Gajah Mada 7635121 Kota Bandar Lampung;Hospitals
Klinik Keluarga Kita;Jalan Serdang 1610650 Jakarta;Hospitals
Apotek Kimia Farma;Jalan Raden Ajeng Kartini 4435111 Kota Bandar Lampung;Hospitals
RS Bhakti Rahayu Surabaya;Jalan Ketintang Madya 1 1660231 Kota Surabaya;Hospitals
Kimia Farma;Jalan C 3010620 Jakarta;Hospitals
Medika Tunas Abadi;Spbu Pertamina  Kota Tangerang;Hospitals
Columbia Asia Hospital Pulomas;Jalan Kayu Putih Raya 113210 Jakarta;Hospitals
Buah Hati Medika Pamulang;Jalan Siliwangi 18915141 Kota Tangerang;Hospitals
Center For Indonesian Veterinary Analytical Studies;Jl. Rsau Atang Sanjaya 416310 Klaten  - Kabupaten;Hospitals
Akademi Refraksi Optisi Polycore Indonesia;Jl. Resinda Raya 41361 Klaten  - Kabupaten;Hospitals
Rumah Sakit Mata Bali Mandara;Jalan Angsoka 881116 Dompu  - Bali;Hospitals
RSIA Kasih Ibu;Jalan Sultan Agung 3257436 Klaten  - Kabupaten;Hospitals
Klinik Kimia Farma 129;Jalan Jenderal Ahmad Yani 2695113 Kota Manado;Hospitals
Rumah Sakit Islam Ibnu Sina Pekanbaru;Jalan Melati 6028156 Kota Pekanbaru;Hospitals
Stisipol Dharma Wacana Metro;Jalan Kenanga 334125 Kota Metro;Specialised Education Establishments
PPA Febui;Jalan Salemba Raya 410320 Jakarta;Specialised Education Establishments
Rumkit TK.II Dr. Soepraoen;Jalan Simo 2257432 Klaten  - Kabupaten;Specialised Education Establishments
Borda Indonesia;Jalan Kaliurang 655283 Kota Yogyakarta;Specialised Education Establishments
Rumah Sakit Darmo;Jalan Raya Darmo 9060264 Kota Surabaya;Specialised Education Establishments
Tifa;Office Park 12520 Jakarta;Specialised Education Establishments
Rumah Sakit Islam Aminah;Jalan Kenari 5466136 Kota Blitar;Specialised Education Establishments
Apotek Sumber Anom;Jalan Ahmad Yani 20164483 Klaten  - Kabupaten;Specialised Education Establishments
Rumah Sakit JIH;Jalan Ring Road Utara 16055283 Klaten  - Kabupaten;Specialised Education Establishments
Apotek Kimia Farma;Jl. Jend. Sudirman 198454 Klaten  - Kabupaten;Specialised Education Establishments
Rumah Sakit Ibu Dan Anak Gizar;Jl. 117330 Kota Bekasi;Specialised Education Establishments
Sahabat Gigi Sehat Indonesia;Jl. Dewa Ruci  Klaten  - Kabupaten;Specialised Education Establishments
Rumah Sakit Hermina Sukabumi;Jalan Raya Sukaraja 43192 Klaten  - Kabupaten;Specialised Education Establishments
Rumah Sakit Umum Natar Medika;Jalan Raya Natar 435362 Kabupaten Lampung Selatan;Specialised Education Establishments
Laboratorium Klinik Pramita;Jalan Cik Ditiro 1755224 Kota Yogyakarta;Specialised Education Establishments
RSIA Hermina Jatinegara;Jalan Bakti 12611410 Jakarta;Specialised Education Establishments
Apotek Kimia Farma Taman Gapura Walk;Jalan Gapura Niaga 60217 Kota Surabaya;Specialised Education Establishments
RS. Santa Elisabeth;Jl. Ganjuran 55551 Kota Yogyakarta;Specialised Education Establishments
Optik Reza;Jl. Jend. Sudirman 8262212 Klaten  - Kabupaten;Specialised Education Establishments
Rumah Sakit Khusus Bedah Karima Utama;Jl. Amarta Raya 857562 Klaten  - Kabupaten;Specialised Education Establishments
Saba Indomedika;Ruko Kedoya Elok 711520 Jakarta;Physicians: Radiology(Radiodiagnostics And Medical Imagery)
Apotek Kimia Farma 60;Jalan Merdeka 4724351 Kota Lhoksumawe;Physicians: Radiology(Radiodiagnostics And Medical Imagery)
B. Braun Pharmaceutical Indonesia;Tempo Scan Tower 12950 Jakarta;Physicians: Radiology(Radiodiagnostics And Medical Imagery)
Klinik Kimia Farma 55;Jalan Raya Kebayoran Lama 12220 Jakarta;Physicians: Radiology(Radiodiagnostics And Medical Imagery)
RS Tiara Sella;Jalan S Parman 6138111 Kota Bengkulu;Physicians: Radiology(Radiodiagnostics And Medical Imagery)
Balai Besar Laboratorium Kesehatan;Jalan Inspektur Yazid 230129 Kota Palembang;Physicians: Radiology(Radiodiagnostics And Medical Imagery)
Bunda Jembrana;Jalan Rajawali 3682211 Klaten  - Kabupaten;Physicians: Radiology(Radiodiagnostics And Medical Imagery)
Apotek Kimia Farma;Jalan Imam Bonjol 6684261 Dompu  - Bali;Physicians: Radiology(Radiodiagnostics And Medical Imagery)
RS Usada Insani;Jalan Kyai Haji Hasyim Ashari 2415119 Kota Tangerang;Physicians: Radiology(Radiodiagnostics And Medical Imagery)
Rumah Sakit Sari Asih Serang;Jalan Jenderal Sudirman 3842124 Kota Serang;Physicians: Radiology(Radiodiagnostics And Medical Imagery)
Rumah Sakit Holistika Medika Hospital;Jl. Cindelaras Raya - Karangsari 55584 Kota Yogyakarta;Physicians: Radiology(Radiodiagnostics And Medical Imagery)
Ciputra Hospital;Jalan Citra Raya Boulevard 15710 Klaten  - Kabupaten;Physicians: Radiology(Radiodiagnostics And Medical Imagery)
Rumah Sakit Bhakti Nugraha;Jalan Basuki Rahmat 5075111 Kota Samarinda;Physicians: Radiology(Radiodiagnostics And Medical Imagery)
RS AMC;Jl. Raya Cileunyi 40626 Klaten  - Kabupaten;Physicians: Radiology(Radiodiagnostics And Medical Imagery)
Gading Serpong Optik;Jalan Boulevard Graha Raya 15144 Kota Tangerang;Physicians: Radiology(Radiodiagnostics And Medical Imagery)
Rumah Sakit Permata Keluarga;Jalan Mohammad Husni Thamrin 17550 Kota Bekasi;Physicians: Radiology(Radiodiagnostics And Medical Imagery)
Rumah Sakit Islam Nasrul Ummah;Jalan Merapi 6257413 Klaten  - Kabupaten;Physicians: Radiology(Radiodiagnostics And Medical Imagery)
Apotek Kimia Farma;Jalan Rungkut Madya 9960293 Kota Surabaya;Physicians: Radiology(Radiodiagnostics And Medical Imagery)
Rumah Sakit Emanuel;Jalan Raya Purworejo Klampok 53474 Klaten  - Kabupaten;Physicians: Radiology(Radiodiagnostics And Medical Imagery)
Rumah Sakit Biomedika;Jalan Bung Karno 14383118 Kota Mataram;Physicians: Radiology(Radiodiagnostics And Medical Imagery)
Apotek Kimia Farma 401;Jalan Seturan Raya 55283 Klaten  - Kabupaten;Chemists
Rumah Sakit Umum Royal Prima;Jalan Raden Wijaya 36138 Kota Jambi;Chemists
Dinas Kesehatan Provinsi Kepulauan Bangka Belitung;Jalan Pulau Bangka 33684 Kota Pangkal Pinang;Chemists
Kimia Farma;Jalan Haji Mistar Cokrokusumo 370714 Kota Banjarbaru;Chemists
Rumah Sakit Adam Thalib;Jl. Teuku Umar 2517530 Klaten  - Kabupaten;Chemists
Kasih Ibu;Jl. Brigjen. Slamet Riyadi 40457151 Surakarta;Chemists
Anugerah Pharmindo Lestari;Jalan Jenderal Ahmad Yani 870654 Rt. 12;Chemists
Duta Farma Apotik;Jalan Dukuh Kupang Raya 1860225 Kota Surabaya;Chemists
Optik Pesat;Jl. Yos Sudarso 163362 Klaten  - Kabupaten;Chemists
Rumah Sakit Umum Permata Depok;Jalan Raya Muchtar 2216519 Depok;Chemists
Rumah Sakit Umum Mulia Pajajaran;Jalan Pajajaran 9857436 Klaten  - Kabupaten;Chemists
Rumah Sakit Ibu Dan Anak Sylvani;Jalan Perintis Kemerdekaan 2120747 Kota Binjai;Chemists
Bhumi Warih Geohydromatics;Jalan Biologi 2040191 Kota Bandung;Chemists
Rumah Sakit Aisyiyah Siti Fatimah;Jalan Raya Kenongo 1461273 Klaten  - Kabupaten;Chemists
Apotik Griya Agung;Jl. Danau Toba E 1 Kota Malang;Chemists
Apotek Kimia Farma;Jl. Raya Sesetan 16380232 Dompu  - Bali;Chemists
Regenesis Indonesia;Jalan Sultan Iskandar Muda 712240 Jakarta;Chemists
Kimia Farma;Jalan Srengseng Sawah 9912640 Jakarta;Chemists
Apotek Prayogi;Jalan Kalianyar 6260161 Kota Surabaya;Chemists
Rumah Sakit Airlangga;- C Jl. Airlangga 5061412 Klaten  - Kabupaten;Chemists
Apotek Kimia Farma;Jalan DI Panjaitan 276125 Balikpapan;Chemists
Klinik Cireundeu Medika;Jalan Insinyur Haji Juanda 2115112 Kota Tangerang;Chemists
Rumah Sakit Umum Habibullah;Jalan Tahunan 58183 Klaten  - Kabupaten;Chemists
Apotek Kimia Farma;Jalan Kediri 11217330 Klaten  - Kabupaten;Chemists
RSUD Dr. Tjitrowardojo Purworejo;Jalan Jenderal Sudirman 6054114 Klaten  - Kabupaten;Chemists
Apotek Kimia Farma;Jl. Raya Sedati Gede 5961261 Klaten  - Kabupaten;Chemists
Apotek Kimia Farma;-B Jl. Cemengkalang 3561256 Klaten  - Kabupaten;Chemists
Rumah Sakit Samarinda Medika Citra;Jalan Haji Muhammad Kadrie Oening 8175124 Kota Samarinda;Chemists
Klinik Kimia Farma 373;Jalan Rajawali 473112 Palangkaraya  - Palangka;Chemists
Anugerah Pharmindo Lestari;Jalan Arteri Supadio 5578391 Kota Pontianak;Chemists
Rumah Sakit Umum Permata Blora;Jl. Reksodiputro 5758217 Klaten  - Kabupaten;Chemists
Perkumpulan Inisiatif;Jl. Suryalaya Xviii 2340625 Kota Bandung;Chemists
Rumah Sakit Hermina Ciputat;Jl. Ciputat Raya 215320 Klaten  - Kabupaten;Chemists
RS Pekanbaru Medical Center;Jl. Lembaga Pemasyarakatan 2528282 Kota Pekanbaru;Chemists
Rumah Sakit Hermina Serpong;Jl. Raya Puspitek 815310 Klaten  - Kabupaten;Chemists
Klinik Kimia Farma 140;Jalan Sultan Ageng Tirtayasa 1242414 Kasemen  - Banten;Chemists
Apotek Kimia Farma;Jalan Robert Wolter Monginsidi 735214 Kota Bandar Lampung;Chemists
Melati Dental Clinic;Wisma 46 Kota BNI 3Rd Floor 10220 Jakarta;Chemists
Penerbit-Percetakan Kanisus;Jalan Cempaka 955281 Klaten  - Kabupaten;Chemists
Apotek Kimia Farma Singadilaga;Jl. Ibrahim Singadilaga 6841174 Klaten  - Kabupaten;Chemists
Nusantara Farma Apotik;Jalan Jenderal Ahmad Yani 50340121 Kota Bandung;Chemists
Klinik Padajajaran Karangpawitan;Jalan Karanglo 26157452 Klaten  - Kabupaten;Chemists
Apotek Kebonsari;- A Jl. Pahlawan Timur 29465156 Klaten  - Kabupaten;Chemists
Rumah Sakit Telaga Bunda;Jl. Peutua Banta 724251 Klaten  - Kabupaten;Chemists
Pusat Studi Satwa Primata;Jalan Lodaya 216119 Kota Bogor;Chemists
Global Medik Persada;Jalan Kebon Jeruk Baru 2611530 Jakarta;Chemists
Apotek Kimia Farma;Jalan Zaenal Abidin Pagar Alam 7735141 Kota Bandar Lampung;Chemists
Gemari Sakti;Jalan Raden Intan 3535111 Kota Bandar Lampung;Chemists
Kantor Pos;Jalan Jenderal Gatot Subroto 2980811 Klaten  - Kabupaten;Chemists
Klinik Kimia Farma 59;Jl. Iman Bonjol 129432 Riau Islands;Chemists
Klinik Kimia Farma 320;Jl Cinunuk 19240213 Klaten  - Kabupaten;Chemists
Apotek Kimia Farma Teuku Umar Lampung;Jalan Teuku Umar 2435141 Kota Bandar Lampung;Chemists
Puskesmas Jatilawang;Jalan Raya Jatilawang 2453174 Klaten  - Kabupaten;Chemists
Obagi Indonesia;Jalan Gg 4510460 Jakarta;Chemists
Kanopi Insan Sejahtera;B Jl. Perikani Raya 113240 Jakarta;Chemists
Erha Clinic Pusaka;Jalan Sultan Iskandar Muda 3112240 Jakarta;Chemists
Ruvi Rizqy Berkah;Ruko Sentra Kencana 860246 Kota Surabaya;Chemists
Rumah Sakit Mardi Waluyo Metro;Jalan Jenderal Sudirman 15634111 Kota Metro;Chemists
Apotek Kimia Farma;Jl. Bengkong Ratu 29425 Riau Islands;Chemists
Apotek Joyoboyo;Jalan Erlangga 3464121 Kota Kediri;Chemists
RS. Pertamedika Sentul;Jalan Mohammad Husni Thamrin 16810 Klaten  - Kabupaten;Hospitals
Apotek Kimia Farma;Jl. Cipanas 10629444 Riau Islands;Hospitals
Rumah Sakit Gatoel;Jalan Raden Wijaya 5661315 Kota Mojokerto;Hospitals
Apotek Kimia Farma;Jalan Palapa 94141 Kota Palu;Hospitals
Rumah Sakit Ibu Dan Anak Pura Raharja;Jalan Pucang Adi 1260282 Kota Surabaya;Hospitals
Rumah Sakit Bunda Palembang;Jalan Demang Lebar Daun 7030132 Kota Palembang;Hospitals
Klinik Ibin Sina;Jalan Pendidikan 3313440 Jakarta;Hospitals
Rumah Sakit Panti Secanti;Jalan Gesing Jatipuro 57437 Klaten  - Kabupaten;Hospitals
Apotek Kimia Farma Pondok Kopi 2;Jalan Pondok Kopi 5413460 Jakarta;Hospitals
Kimia Farma;Rumah Sakit Khusus Daerah Ratumbuysang 7795113 Kota Manado;Hospitals
RS Aisyiyah Kudus;Jalan HOS Cokroaminoto 24859319 Klaten  - Kabupaten;Hospitals
Kimia Farma;Jl. Gatot Subroto 12553272 Central Java;Hospitals
Rumah Sakit Wijaya Kusumah;Jl. RE Martadinata 17245514 Klaten  - Kabupaten;Hospitals
Dinas Kesehatan Bali;Jalan Melati 2080233 Dompu  - Bali;Hospitals
Rumah Sakit Umum Ibnu Sina Padang Panjang;Jl. Sukarno Hatta 1727115 Kota Padang;Hospitals
STMIK Akakom;Jl. Raya Janti Karangjambe 14355198 Klaten  - Kabupaten;Hospitals
Rumah Sakit Umum Dr H Abdul Moeloek;Jalan Doktor A Rivai 635112 Kota Bandar Lampung;Hospitals
Klinik Mitrasana Taman Aster;Jalan Aster 4117145 Klaten  - Kabupaten;Hospitals
BPJS Kesehatan;Jalan Raya Pasar Minggu 1712780 Jakarta;Hospitals
Klinik Utama Kimia Farma Cihampelas;Jl. Cihampelas 740266 Klaten  - Kabupaten;Hospitals
Dinas Sosial Provinsi Kalimantan Timur;Jalan Basuki Rahmat 7675112 Kota Samarinda;Health And Social Services Centres, Clinics
Apotek Kimia Farma;Jalan DI Panjaitan 42411 Kota Cilegon;Health And Social Services Centres, Clinics
Mandaya Hospital;Jalan Akses Tol Karawang Barat 41361 Klaten  - Kabupaten;Health And Social Services Centres, Clinics
Klinik Kimia Farma 351;Jalan Simo 7057432 Klaten  - Kabupaten;Health And Social Services Centres, Clinics
Apotek Sehat Bersama;Jalan Jenderal Sudirman 330151 Kota Palembang;Health And Social Services Centres, Clinics
Apotek Kimia Farma;Jalan Jenderal Ahmad Yani 3775321 Kota Bontang;Health And Social Services Centres, Clinics
Rumah Sakit Permata Pamulang;Jalan Simo 157432 Klaten  - Kabupaten;Health And Social Services Centres, Clinics
RSU Famili Husada;Jalan Astina Timur 880512 Klaten  - Kabupaten;Health And Social Services Centres, Clinics
Siloam Hospitals Jambi;Jalan Soekarno Hatta 36138 Kota Jambi;Health And Social Services Centres, Clinics
Tigasati Medika Pratama;Karawaci Office Park 15811 Klaten  - Kabupaten;Health And Social Services Centres, Clinics
Rumah Sakit Jantung Binawaluya;Jl. Letjen. T.B. Simatupang 7113750 Jakarta;Health And Social Services Centres, Clinics
Indonesia Australia Language Fondation;Jalan Raya Sesetan 19080223 Dompu  - Bali;Health And Social Services Centres, Clinics
Apotek Kimia Farma Padang;Jl. Perintis Kemerdekaan 2425119 Kota Padang;Health And Social Services Centres, Clinics
Sekolah Darma Yudha;Jalan Soekarno Hatta 1828292 Kota Pekanbaru;Health And Social Services Centres, Clinics
Rumah Sakit Jiwa Gracia Propinsi D.I Yogyakarta;Jalan Kaliurang 1755284 Klaten  - Kabupaten;Health And Social Services Centres, Clinics
Jaminan Sosial Tenaga Kerja (Persero);Jl. Cikarang Baru 1217111 Kota Bekasi;Health And Social Services Centres, Clinics
Fisio Tunas Abadi;U Residence Tower 105 Klaten  - Kabupaten;Health And Social Services Centres, Clinics
RSUD Kanjuruhan Malang;Jalan Panji 10065163 Kota Malang;Health And Social Services Centres, Clinics
Elim Medical Center;Jalan Jenderal Sudirman 19040181 Klaten  - Kabupaten;Health And Social Services Centres, Clinics
Rumah Sakit Bhayangkara Jambi;Jalan Raden Mattaher 336143 Kota Jambi;Health And Social Services Centres, Clinics
Puskesmas Klaten Selatan;Jalan Tegal Danguran 57425 Klaten  - Kabupaten;Doctors Of Medicine
Semen Padang Hospital;Jalan By Pass 725161 Kota Padang;Doctors Of Medicine
Apotek Kimia Farma;Jl. W.R. Supratman 30380118 Dompu  - Bali;Doctors Of Medicine
Apotek Kimia Farma;Jalan Urip Sumoharjo 6151181 Klaten  - Kabupaten;Doctors Of Medicine
Rumah Sakit Hermina Solo;Jalan Kolonel Sutarto 1657126 Surakarta;Doctors Of Medicine
Sehat Utama Global;Jalan Buah Batu 21140262 Kota Bandung;Doctors Of Medicine
Gateway Logistindo;Jl. Taman Palem Lestari A11 311730 Jakarta;Doctors Of Medicine
Industri Jamu Borobudur;Jalan Tomang Tinggi 1111440 Jakarta;Doctors Of Medicine
Medistra;Jl. Jend. Sudirman 3820512 Kabupaten Deli Serdang;Doctors Of Medicine
Rumah Sakit Tiara;Jalan Raya Babelan 6317121 Kota Bekasi;Doctors Of Medicine
Apotek Kimia Farma 114;Jalan Pangeran Hidayatullah 4675112 Kota Samarinda;Doctors Of Medicine
Rumah Sakit Umum Daerah Sidoarjo;Jalan Mojopahit 66761215 Klaten  - Kabupaten;Doctors Of Medicine
Kimia Farma Apotek;Jalan Anggrek 20157316 Klaten  - Kabupaten;Doctors Of Medicine
Genteng Toko;Jl. Gunung Bulusaraung 1890174 Jakarta Timur  - Makasar;Doctors Of Medicine
Dana Sosial Al Falah;Graha Zakat Ydsf 860282 Kota Surabaya;Doctors Of Medicine
Pamulang Medical Center;Jalan Palem 215148 Kota Tangerang;Doctors Of Medicine
Medisafe Technologies;Pasar Ix 20362 Kabupaten Deli Serdang;Doctors Of Medicine
RS Citra Arafiq;Jalan Perindustrian 5316411 Depok;Doctors Of Medicine
Ion Exchange Asia Pacific;Jababeka 417530 Kota Bekasi;Doctors Of Medicine
Klinik Citra Ciomas;Jl. Raya Ciomas 216153 Klaten  - Kabupaten;Doctors Of Medicine
Optik Mitra;Jalan Jenderal Sudirman 30125 Kota Palembang;Opticians (Retail)
Bamed Sarana Menteng;Menteng Central 7010310 Jakarta;Opticians (Retail)
Kalbe Farma;Jl Panembahan Senopati 56123 Kota Magelang;Opticians (Retail)
Citra Mandiri Cipta;Jl. Bratang Gede Iiig 260245 Kota Surabaya;Opticians (Retail)
Rumah Sakit Umum Mandaya;Jalan Akses Tol Karawang Barat 41361 Klaten  - Kabupaten;Opticians (Retail)
Catur Dakwah Crane Farmasi;Jalan Olympic Raya 16810 Klaten  - Kabupaten;Opticians (Retail)
Procter & Gamble Operations Indonesia;Jalan Harapan 2 41361 Jakarta;Opticians (Retail)
RSB Jeumpa;Jl. Sultan Syarif Abdurrahman 5478113 Klaten  - Kabupaten;Opticians (Retail)
Arkan Medica;Jalan Solo - Purwodadi 2057274 Surakarta;Opticians (Retail)
Adhira Medika Persada Internasional;Ruko Paramount Spark 15810 Kota Tangerang;Opticians (Retail)
Klinik Kalvari;Jl. Jenderal Sudirman 99511 Klaten  - Kabupaten;Opticians (Retail)
Apotek Kimia Farma;Jl. Dr. Wahidin Selatan 5967173 Klaten  - Kabupaten;Opticians (Retail)
Rumah Sakit Betha Medika;Jalan Cibatu - Sukasari 59543152 Kota Sukabumi;Opticians (Retail)
Klinik Hayana;Jalan Mampang Prapatan 15 812790 Jakarta;Opticians (Retail)
Apotek Royal;Jl. Monjali 5744481 Klaten  - Kabupaten;Opticians (Retail)
Unggul Karsa Medika;Jl. Prof Drg Suria Sumantri 6540164 Klaten  - Kabupaten;Opticians (Retail)
Pusat Pengembangan Bioteknologi UMM;Jalan Tlogomas 24665144 Klaten  - Kabupaten;Opticians (Retail)
Rumah Sakit Ibu Dan Anak Rosiva;Jalan Bangka 1520231 Obi Timur  - Sum;Opticians (Retail)
Ottobock Healthcare Indonesia;Jl. Taman Tekno F1/FG 115314 Klaten  - Kabupaten;Opticians (Retail)
Nidec Sankyo Opto Indonesia;Jalan Raya Sukabumi 216720 Klaten  - Kabupaten;Opticians (Retail)
Prana Mitra Bersama;Menara Mulia Basement Floor Suite G-018 12930 Jakarta;Dental ClinicsDentists General PractitionersDoctors Of MedicineStorage Equipment
Apotek Johar Medika;Jl. Ahmad Yani 3368137 Klaten  - Kabupaten;Dental ClinicsDentists General PractitionersDoctors Of MedicineStorage Equipment
RSIA Andini;Jalan Tuanku Tambusai 5528292 Kota Pekanbaru;Dental ClinicsDentists General PractitionersDoctors Of MedicineStorage Equipment
Sinarmas Bio Energy;Sinarmas Land 2010350 Jakarta;Dental ClinicsDentists General PractitionersDoctors Of MedicineStorage Equipment
Agriquip Ges Indonesia;Jalan Marsekal Surya Darma 15128 Kota Tangerang;Dental ClinicsDentists General PractitionersDoctors Of MedicineStorage Equipment
Fairy Klinik;- B Jl. Pahlawan Revolusi 813430 Jakarta;Dental ClinicsDentists General PractitionersDoctors Of MedicineStorage Equipment
Surya Husadha Kuta Medical Center;Jalan Kartika 9080361 Klaten  - Kabupaten;Dental ClinicsDentists General PractitionersDoctors Of MedicineStorage Equipment
Fokus Diagnostic Indonesia;Jalan Jatipadang Poncol 912540 Jakarta;Dental ClinicsDentists General PractitionersDoctors Of MedicineStorage Equipment
Laboratorium Prodia;Jalan Merdeka 3721143 Pematangsiantar;Dental ClinicsDentists General PractitionersDoctors Of MedicineStorage Equipment
Rsau Dr. Efram Harsana;Jl. Raya Solo Maospati 63392 Klaten  - Kabupaten;Dental ClinicsDentists General PractitionersDoctors Of MedicineStorage Equipment
Natbio Marketing Indonesia;Ruko Gardenia Shopping Arcade 11470 Jakarta;Dental ClinicsDentists General PractitionersDoctors Of MedicineStorage Equipment
Rumah Sakit Aminah;Jalan HOS Cokroaminoto 457412 Klaten  - Kabupaten;Dental ClinicsDentists General PractitionersDoctors Of MedicineStorage Equipment
Maju Mapan Mandiri Indah Pratama;Jl. Masjid Al Anwar 2411540 Jakarta;Dental ClinicsDentists General PractitionersDoctors Of MedicineStorage Equipment
PKU Muhammadiyah Sukoharjo;Jalan Mayor Sunaryo 3757512 Klaten  - Kabupaten;Dental ClinicsDentists General PractitionersDoctors Of MedicineStorage Equipment
Marhilas Utama Laboratorium;Jalan Rose Garden 3317422 Kota Bekasi;Dental ClinicsDentists General PractitionersDoctors Of MedicineStorage Equipment
Anastry Global Grup;Apartment The Habitat Kios Ra  Klaten  - Kabupaten;Dental ClinicsDentists General PractitionersDoctors Of MedicineStorage Equipment
Attamana;Jalan Raya Pedan 1057468 Klaten  - Kabupaten;Dental ClinicsDentists General PractitionersDoctors Of MedicineStorage Equipment
Rumah Sakit William Booth;Jl. Letjend. S. Parman 550111 Klaten  - Kabupaten;Dental ClinicsDentists General PractitionersDoctors Of MedicineStorage Equipment
Kyoai Healthcare;Wisma Kyoei Prince Indonesia 10220 Jakarta;Dental ClinicsDentists General PractitionersDoctors Of MedicineStorage Equipment
Lab Klinik Pramita;Jalan Jenderal Ahmad Yani 3939112 Kota Padang;Dental ClinicsDentists General PractitionersDoctors Of MedicineStorage Equipment
Azure Spa At Pesona Resort;Jalan Gili Trawangan 83352 Kabupaten Lombok Utara;Thermal Spa, Centre & Care
National University Hospital;Wisma Bii 6060271 Kota Surabaya;Thermal Spa, Centre & Care
Rumah Sakit Umum Putra Bahagia;Jalan Terusan Ciremai 11445144 Kota Cirebon;Thermal Spa, Centre & Care
Rumah Sakit Mata Dr Yap;Jalan Teuku Cik Di Tiro 555223 Kota Yogyakarta;Thermal Spa, Centre & Care
Kimia Farma 80 Apotek;Jalan Kolonel Atmo 125030121 Kota Palembang;Thermal Spa, Centre & Care
Siloam Hospital Makassar;Jl. Metro Tanjung Bunga 90225 Jakarta Timur  - Makasar;Thermal Spa, Centre & Care
Pramita;Jalan Doktor Cipto Mangunkusumo 9545132 Kota Cirebon;Thermal Spa, Centre & Care
LPK Adana;Jalan Mawar 555225 Kota Yogyakarta;Thermal Spa, Centre & Care
International Ngo Forum On Indonesian Development;Jalan Jatipadang Poncol 10512540 Jakarta;Thermal Spa, Centre & Care
Rumah Sakit Jiwa Menur;Jalan Raya Menur 12060282 Kota Surabaya;Thermal Spa, Centre & Care
China National Petroleum Corp;Menara Rajawali 12950 Jakarta;Thermal Spa, Centre & Care
All Care Dental Centre;Jl. Margaguna Raya Pondok Indah 12140 Jakarta;Thermal Spa, Centre & Care
RSU Parama Sidhi;A Jl. Ahmad Yani 17181113 Klaten  - Kabupaten;Thermal Spa, Centre & Care
Rumah Sakit Graha Juanda;Jalan Insinyur Haji Juanda 32617113 Kota Bekasi;Thermal Spa, Centre & Care
Rumah Sakit Royal Taruma;Rumah Sakit Royal Taruma 3411470 Jakarta;Thermal Spa, Centre & Care
Perguruan Nasional Brigjend Katamso;Jalan Raya Sunggal 37020128 Obi Timur  - Sum;Thermal Spa, Centre & Care
Siloam Hospitals Kebon Jeruk;Jalan Raya Perjuangan 11530 Jakarta;Thermal Spa, Centre & Care
Rumah Sakit Jati Sampoerna Pratama;Jl. Studio Antv 17433 Jati;Thermal Spa, Centre & Care
Asosiasi Kontraktor Listrik Dan Mekanikal Indonesia;Jalan Kyai Haji Abdullah Syafi'ie 3612840 Jakarta;Thermal Spa, Centre & Care
Husada Purwakarta;Jalan RE Martadinata 17530 Klaten  - Kabupaten;Thermal Spa, Centre & Care
Rumah Sakit Grha Ultima Medika;Jalan Majapahit 1083127 Kota Mataram;Hospitals
Rumah Sakit Umum Daerah Kraton;Jalan Veteran 3151146 Kota Pekalongan;Hospitals
Vuteq Indonesia;Jalan Cempaka Raya 3717550 Klaten  - Kabupaten;Hospitals
Rumah Sakit Umum Kudus;Jl. Dr. Lukmonohadi 1959348 Klaten  - Kabupaten;Hospitals
RS. Mitra Plumbon;Jalan Raya Plumbon 1145155 Klaten  - Kabupaten;Hospitals
Universitas 45;Jalan Mayor Jenderal Sungkono 10660256 Kota Surabaya;Hospitals
Rumah Sakit Mitra Keluarga;Jalan Satelit Indah 2 60187 Kota Surabaya;Hospitals
Elti Gramedia;Jalan Sabirin 655224 Jakarta;Hospitals
Badan Arbitrase Nasional Indonesia;Wahana Graha 212760 Jakarta;Hospitals
Rumah Sakit Wava Husada;Jalan Panglima Sudirman 9965163 Klaten  - Kabupaten;Hospitals
Fuguy;Jalan Sarimadu Permai 17640164 Kota Bandung;Hospitals
Get-House Of English;Jl. Dr. Wahidin IV 745122 Klaten  - Kabupaten;Hospitals
Acupuncture St-Bruno Labarre;1532 montarville St-Bruno-de-Montarville 1532J3V 3T7 St-Bruno-de-Montarville;Hospitals
Rumah Sakit An-Nisa;Jalan Gatot Subroto 315134 Kota Tangerang;Hospitals
Seis Optik;Jalan Asia Afrika 5040251 Kota Bandung;Hospitals
Creative Concepts;Jl. Raya Boulevard Barat  Jakarta;Hospitals
Ekonid;Jalan Haji Agus Salim 11510230 Jakarta;Hospitals
Rumah Sakit Putri;Jalan Arief Rachman Hakim 12260111 Kota Surabaya;Hospitals
RS Pelabuhan;Jalan Kramat Jaya Raya 114260 Jakarta;Hospitals
SMK Makarya 2;Jalan Harun 1312240 Jakarta;Hospitals
RS Premier Surabaya;Premier Surabaya Hospital Building 60118 Kota Surabaya;Hospitals
British Chamber Of Commerce In Indonesia;Wisma Metropolitan I 12920 Jakarta;Hospitals
Rumah Sakit Puri Cinere;Jalan Maribaya 116515 Depok;Hospitals
Rumah Sakit Pusat Angkatan Udara Dr. Suhardi Harjolukito;Jalan Janti 55198 Klaten  - Kabupaten;Hospitals
Wonderful Projects Bali;Villa Vogel  Klaten  - Kabupaten;Hospitals
Rumah Sakit Hermina Galaxy;Jalan Gardenia 1 1117147 Kota Bekasi;Hospitals
Mitra Megah Mandiri;Kompleks Pergudangan Indoserena 961256 Klaten  - Kabupaten;Hospitals
Mahakam Indosonic;Jalan Johar 110350 Jakarta;Hospitals
Rumah Sakit Umum Daerah Dr Iskak;Jl. Dr. Wahidin Sudiro Husodo 66213 Klaten  - Kabupaten;Hospitals
Rumah Sakit Atma Jaya;Jalan Pluit Raya 214440 Jakarta;Hospitals
Rumah Zakat;Jalan Turangga 2540263 Kota Bandung;Hospitals
BIMC Hospital;Kawasan BTDC 80111 Dompu  - Bali;Hospitals
SMK Adi Sanggoro;Ds. Sengked 116680 Klaten  - Kabupaten;Hospitals
Escalade Dental Care;Menara Prima 12950 Jakarta;Hospitals
Asean Centre For Energy;Floor 12950 Jakarta;Hospitals
Kemanusiaan Indonesia;Jalan Pengembak 1680227 Dompu  - Bali;Hospitals
Bina Nusantara;Jalan Kyai Haji Syahdan 911480 Jakarta;Hospitals
Nahdatul Ulama;Jalan Raden Patah 7061217 Klaten  - Kabupaten;Hospitals
Perhimpunan Dokter Spesialis Kulit Dan Kelamin Indonesia;Kantor Pusat Perdoski 110430 Jakarta;Hospitals
RS Panti Wilasa Dr. Cipto;Jalan Doktor Cipto 5050126 Kota Semarang;Hospitals
Rumah Sakit Khusus THT Bedah Ciranjang;Jalan C 2010620 Jakarta;Hospitals
Rumah Sakit Bhakti Mulia;Jalan Aipda Karel Satsuit Tubun 7911410 Klaten  - Kabupaten;Hospitals
Rumah Sakit Ibu & Anak Puri Bunda;A Jl. Simpang Sulfat Utara 6065126 Kota Malang;Hospitals
Rumah Sakit Siaga Raya;Jalan Siaga 12510 Jakarta;Hospitals
Rumah Sakit Al-Irsyad;Jalan Kyai Haji Mas Mansyur 21060151 Kota Surabaya;Hospitals
Rumah Sakit Ibu Dan Anak YPK Mandiri;Jalan Gereja Theresia 2210230 Jakarta;Hospitals
Rumah Sakit PGI Cikini;Jalan Raden Saleh 4010330 Jakarta;Hospitals
Balai Kesehatan Mata Masyarakat Cikampek;Jalan Insinyur Haji Juanda 1041373 Cikampek;Hospitals
Mandiri;Jalan Mohammad Husni Thamrin 10220 Jakarta;Hospitals
SMK Pawiyatan;Jalan Tangkis Turi 460181 Kota Surabaya;Hospitals
Bina San Prima;Jalan Raya Ponorogo 1163171 Klaten  - Kabupaten;Hospitals
Global Indonesia Artistika Tunggal;Ruko Pinangsia Lippo Karawaci 15811 Kota Tangerang;Hospitals
Rumah Sakit Azra;Jalan Raya Pajajaran 21916133 Kota Bogor;Hospitals
Karsa Sejahtera Abadi;Jalan Cibaduyut Lama 5340235 Kota Bandung;Hospitals
Klinik Khusus Mata Solo Eye Center;Jalan Doktor Radjiman 42257148 Surakarta;Hospitals
Klinik Dan Rontgen Promed Laboratorium;Jl. Raden Patah 329432 Riau Islands;Hospitals
Indonesian Optical Laboratory;Jalan Pintu Air Raya 3610110 Jakarta;Hospitals
Tekenomiks Indonesia;Jalan Jenderal Sudirman 5876114 Balikpapan;Hospitals
Mitra Global Manunggal;Jalan Bungur Besar 3910110 Jakarta;Hospitals
Ubud Clinic;Jalan Campuhan 3680571 Klaten  - Kabupaten;Hospitals
