name;address;sector
RS Awal Bros Makassar;Jalan Jenderal Urip Sumoharjo 4312840 Jakarta Timur  - Makasar;Hospitals
Medikaloka Pandanaran;Jalan Pandanaran 2450241 Kota Semarang;Hospitals
Ken Tanzah Makmur;Jalan Soekarno Hatta 2950552 Kota Semarang;Hospitals
Rumah Sakit Khusus Mata Medan Baru Medical Centre;Jalan Abdullah Lubis 6720154 Medan Baru  - Darat;Hospitals
Rumah Sakit Dr Etty Asharto;Jalan Sajid 4465311 Kota Batu;Hospitals
PT. Mandaya Sehat Utama;Jalan Pos Pengumben 5012260 Jakarta Barat;Hospitals
Rumah Sakit Hermina Grand Wisata;Jl. Festival Boulevard 17111 Kota Bekasi;Hospitals
RSUP Dr. Sitanala Tangerang;Jalan Doktor Sitanala 9915112 Kota Tangerang;Hospitals
Puskesmas Bendungan Hilir;Jalan Danau Toba 210270 Jakarta;Hospitals
RS Pondok Indah - Bintaro Jaya;RS Pondok Indah Bintaro Jaya 15227 Kasemen  - Banten;Hospitals
Assa’Adah Medical Centre;Jl. Tebet Timur Dalam 5812820 Jakarta;Hospitals
Lucky Dion Perkasa;Jalan Sirsak 2112620 Jakarta;Hospitals
Puri Natura Indonesia;Jalan Prapanca 2012160 Jakarta;Hospitals
Dr. Yanti Aesthetic Clinic;Jalan Boulevard Barat 14240 Jakarta;Hospitals
Aryamedika Teguh Tunggal;Jalan Kelapa Dua Raya 100115810 Kota Tangerang;Hospitals
Wellbe Indonesia;South Quarter Tower B 12430 Jakarta;Hospitals
Rumah Sakit Charitas Hospital Kenten;Jalan Betawi Raya 134030161 Kota Palembang;Hospitals
Lab Kimia Farma Pamulang;D-2 / 1 Jl. Pamulang Permai Raya 115210 Klaten  - Kabupaten;Hospitals
Melinda Hospital;Jalan Pajajaran 4640171 Cicendo  - Pasirkaliki;Hospitals
Mega Ayu ( Bar, Massage, KTV );Jalan Pangeran Jayakarta 4611110 Jakarta;Hospitals
Klinik Central Medika;Jl. Pilar Sukatani 8417145 Klaten  - Kabupaten;Hospitals
Medika Kartini Mandiri;Jalan Ciledug Raya 9412230 Jakarta;Hospitals
Ciputra Hospital Citragarden;Jl. Boulevard Citra 511830 Jakarta;Hospitals
Klinik Peduli Sehat;Jalan Adinegoro 1025173 Kota Padang;Hospitals
Rumah Sakit Ketergantungan Obat;Jalan Lapangan Tembak 7513720 Jakarta;Hospitals
Rumah Sakit Ibu & Anak Kendangsari;Jalan Kendangsari 8 3860292 Kota Surabaya;Hospitals
Rumah Sakit Umum Daerah Dr M Ashari;Jalan Gatot Subroto 4152319 Klaten  - Kabupaten;Hospitals
Melinda Hospital;Jalan Pajajaran 4640171 Kota Bandung;Hospitals
Syuhada Haji;Jalan Raya Tanjung 1257472 Klaten  - Kabupaten;Hospitals
RS PKU Muhammadiyah Karanganyar;Jalan Pepaya 57423 Klaten  - Kabupaten;Hospitals
Quantum Sarana Medik;Jalan Raya Sesetan 2080223 Dompu  - Bali;Hospitals
Parkway Health;Jl. S P Arman 10320153 Obi Timur  - Sum;Hospitals
RS Primaya Bekasi Barat;Jalan Kyai Haji Noer Ali 17146 Kota Bekasi;Hospitals
RSUP Dr Sardjito;Jl. Kesehatan Sekip 155243 Klaten  - Kabupaten;Hospitals
RS Dr. Oen Solo Baru;Perumahan Solo Baru Sukoharjo Po.Box 13057552 Klaten  - Kabupaten;Hospitals
Rumah Sakit Permata Medika;Jl. Moch. Ichsan 9350151 Kota Semarang;Hospitals
Rumah Sakit Muhammadiyah;Jalan Kyai Haji Ahmad Dahlan 5340262 Kota Bandung;Hospitals
Rumah Sakit Grestelina;Jl. Hestarning Raya 5190231 Jakarta Timur  - Makasar;Hospitals
Rumah Sakit Umum Griya Mahardhika;Jalan Parangtritis 455187 Kota Yogyakarta;Hospitals
Rumah Sakit Gigi Dan Mulut Fkg Univ.Indonesia;Jalan Salemba Raya 410330 Jakarta;Hospitals
Awal Bros Makassar;Jl. Urip Sumohardjo 4390232 Jakarta Timur  - Makasar;Hospitals
Rumah Sakit Al Islam;Jalan Soekarno Hatta 64440286 Kota Bandung;Hospitals
Rumah Sakit Melati;Jalan Merdeka 9215113 Kasemen  - Banten;Hospitals
Rumah Sakit Santosa Bandung Central;Jalan Kebonjati 3840181 Kota Bandung;Hospitals
Rumah Sakit Wulan Windy;Jl. Besar Marelan 1720147 Obi Timur  - Sum;Hospitals
Bhakti Persada Saudara Pharma;Jalan Pucang Sewu 1760283 Kota Surabaya;Hospitals
Bali Royal Hospital;Jl. Tantular 680227 Dompu  - Bali;Hospitals
Rumah Sakit PKU Aisyiyah;Jl. Pasar Sapi Baru Singkil 57382 Klaten  - Kabupaten;Hospitals
Siloam Hospital Lippo Cikarang;Siloam Hospitals 17550 Klaten  - Kabupaten;Hospitals
Rumah Sakit Jiwa Puri Nirmala;Jalan Jayaningprangan 1355111 Kota Yogyakarta;Hospitals
Eka Hospital;Jalan Pahlawan Seribu Commercial Business District 15310 Kota Tangerang Selatan;Hospitals
Rumah Sakit Bhayangkara;Jalan Raya Yogya - Solo 1457452 Klaten  - Kabupaten;Hospitals
Rumah Sakit Umum Prof Dr Soekandar;Jalan Hayam Wuruk 2561382 Klaten  - Kabupaten;Hospitals
Rumah Sakit Dr. Oen Solo Baru;Jl. Brigjen Katamso 55 Surakarta;Hospitals
RS. St. Elisabeth;Jl. Haji Misbah 720713 Kota Binjai;Hospitals
Rumah Sakit Balikpapan Baru;Jalan MT Haryono 76114 Balikpapan;Hospitals
Miracle Aesthetic Clinic;Graha Miracle 4060264 Kota Surabaya;Hospitals
RS Orthopedi & Traumatologi Surabaya;Emerald Mansion Tx 1060132 Kota Surabaya;Hospitals
Rumah Sakit Medika BSD;Jalan Letnan Sutopo 715311 Kota Tangerang Selatan;Hospitals
Rumah Sakit Ananda;Jalan Sultan Agung 17317133 Kota Bekasi;Hospitals
Sumatera Eye Center;Jalan Iskandar Muda 27820112 Obi Timur  - Sum;Hospitals
RS Adi Husada Undaan Wetan;Jalan Undaan Wetan 4060272 Kota Surabaya;Hospitals
Rumah Sakit Islam Klaten;Jalan Klaten - Solo 457436 Klaten  - Kabupaten;Hospitals
Rumah Sakit Medika Lestari;Jalan HOS Cokroaminoto 57412 Klaten  - Kabupaten;Hospitals
BIMC Hospital;Jl. Bypass Ngurah Rai 10080361 Dompu  - Bali;Hospitals
RS Onkologi Surabaya;Jalan Arif Rahman Hakim 60117 Kota Surabaya;Hospitals
RS PHC;Jl. Prapat Kurung Selatan 160165 Kota Surabaya;Hospitals
Rumah Sakit Umum Daerah Dr R Soedjati Soemodiardjo;Jl. D. I. Panjaitan 3658111 Klaten  - Kabupaten;Hospitals
Bali Mandiri;Jalan Singapadu 80582 Klaten  - Kabupaten;Hospitals
RS Mitra Medika;Jalan Yos Sudarso 720115 Medan Deli  - Tanjung Mulia;Hospitals
Rumah Sakit Sentra Medika;Jalan Raya Bogor 3316416 Depok;Hospitals
Klinik An-Nur;Jalan Doktor Setiabudi 6340131 Kota Bandung;Hospitals
RS Abdi Waluyo;Jalan HOS Cokroaminoto 3110220 Jakarta Pusat;Hospitals
Rumah Sakit Permata Bekasi;Jalan Legenda Raya 9 917158 Kota Bekasi;Hospitals
RS Bhakti Medicare;Jl. Raya Siliwangi 18643111 Kota Sukabumi;Hospitals
RS Pusri;Jalan Mayor Zen 8430119 Kota Palembang;Hospitals
Rumah Sakit Umum Daerah Ploso;Jl. Darmo Sugondo 8361453 Klaten  - Kabupaten;Hospitals
Rumah Sakit Ibu Dan Anak Mutiara Bunda Cilegon;Jalan Sultan Ageng Tirtayasa 8642441 Kota Cilegon;Hospitals
Indo Tech;Jl. Ahmad Yani 5580231 Klaten  - Kabupaten;Hospitals
Surabaya Cancer Center;Jalan Manggar 960272 Kota Surabaya;Hospitals
Klinik Bahagia;Jalan Pandu 9357438 Klaten  - Kabupaten;Medical Clinics
Klinik Dr. Sanders B;Jalan Teuku Umar 1917520 Kota Bekasi;Medical Clinics
RSU Islam Harapan Anda;Jalan Ababil 4252122 Kota Tegal;Medical Clinics
Rumah Sakit Khusus Bedah BIMC;Jalan Ngurah Rai By Pass 10080361 Klaten  - Kabupaten;Medical Clinics
RSU Famili Husada;Jalan Astina Timur 880512 Dompu  - Bali;Medical Clinics
PT.Rupa Aestetika Teknologi Aktual;Kompleks Ruko Permata Senayan 2112210 Jakarta;Medical Clinics
RSUD Dr. Soetomo;Jl. Mayjend. Prof. Dr. Moestopo 660286 Kota Surabaya;Medical Clinics
Rumah Sakit Umum Daerah Cibabat;Jalan Jenderal Haji Amir Machmud 14040523 Kota Cimahi;Medical Clinics
Apotek Kimia Farma 112;Jalan Diponegoro 873111 Palangkaraya  - Palangka;Medical Clinics
Klinik Dr. Nancy;Jl. Raya Setu Mustika Jaya 17145 Klaten  - Kabupaten;Medical Clinics
Rumah Sakit Gading Pluit;"C/O; Gading Pluit Jasa Medika 14250 Jakarta";Medical Clinics
Santosa Hospital Bandung Kopo;Jl. KH. Wahid Hasyim 46140227 Klaten  - Kabupaten;Medical Clinics
Nayaka Era Husada;Jalan Ciliwung 1765122 Kota Malang;Medical Clinics
Rumah Sakit Jiwa Atmamahusada Mahakam Samarinda;Jalan Kakap 2375115 Kota Samarinda;Medical Clinics
RSIA Bunda Aliyah;Jalan Pahlawan Revolusi 10013430 Jakarta;Medical Clinics
Wilujeng Abadi;Jalan Joyoboyo 464183 Padangan;Medical Clinics
Rumah Sakit Astrini;Jl. Brigjend Katamso 57661 Klaten  - Kabupaten;Medical Clinics
Riau Anggun Mandiri;Jl. Bima Tuanku Tambusai 128292 Riau;Medical Clinics
Rumah Sakit Gotong Royong;Jalan Medokan Semampir Indah 60119 Kota Surabaya;Medical Clinics
Rumah Sakit Wiyung Sejahtera;Jalan Karangan PDAM 160227 Kota Surabaya;Medical Clinics
Puskesmas Kendal II;Jalan Kergan 1057485 Klaten  - Kabupaten;Family Health Homes
RS KIA Harapan Bunda Bandung;Jl. Pluto Raya Street 40286 Kota Bandung;Family Health Homes
Dompet Duafa;Jalan Parang Klitik 4257411 Klaten  - Kabupaten;Family Health Homes
RS Lira Medika;Jalan Syekh Quro 1441314 Klaten  - Kabupaten;Family Health Homes
Rumah Sakit Pertamedika Ummi Rosnati;Jl. Sekolah Gampoeng Ateuk Pahlawan 523241 Kota Banda Aceh;Family Health Homes
RS Dinda;Jalan Galuh - Jatiuwung 215134 Kota Tangerang;Family Health Homes
Tripilar Medis Jaya;Jalan Ipda Tut Harsono 5355165 Kota Yogyakarta;Family Health Homes
Klinik Mitra Medika Abadi;Jl. Kapt. Mitra Hanafiah 341253 Klaten  - Kabupaten;Family Health Homes
Medika Loka Lampung;Jl. Tulang Bawang 2135213 Kota Bandar Lampung;Family Health Homes
RSU Fastabiq Sehat PKU Muhammadiyah;Jl. Raya Pati - Tayu 359119 Klaten  - Kabupaten;Family Health Homes
Beart Korean Skin Clinic;Jalan Pluit Putera 1814450 Jakarta;Family Health Homes
Klinik Medika Utama;A Jl. Mulawarman 2476116 Balikpapan;Family Health Homes
RSUD Dr. R Soetijono Blora;Jalan Doktor Sutomo 4257451 Klaten  - Kabupaten;Family Health Homes
RS. Krakatau Medika;Jalan Semar 42423 Kota Cilegon;Family Health Homes
Siloam Hospitals;Jalan Gubeng Jaya 7060281 Kota Surabaya;Family Health Homes
Rumah Sakit Ibu Dan Anak Sentosa Bogor;Jalan Kemang 1816310 Klaten  - Kabupaten;Family Health Homes
Rumah Sakit Umum Daerah Pelabuhan Ratu;Jalan Jenderal Ahmad Yani 243145 Kota Sukabumi;Family Health Homes
Rejuva Dental & Dermatology;Jl. Mayjend Sungkono 60189 Kota Surabaya;Family Health Homes
Rumah Sakit Umum Daerah Cilacap;Jalan Gatot Subroto 2853283 Cilacap Tengah;Family Health Homes
Rilyzni Prakarsa Investama;Jl.Sultan Haji Lingkungan II 35132 Kota Bandar Lampung;Family Health Homes
Klinik Estetika;Jalan Dr Muwardi 1157141 Laweyan  - Bumi;Medical Clinics
Kusuma Medical Center;Jalan Mayjend Sutoyo 3876113 Balikpapan;Medical Clinics
Resman;Jalan Residen Sudirman 2560131 Kota Surabaya;Medical Clinics
Bina Dinamika Raga;Jl. H. Kurdi I 6240243 Kota Bandung;Medical Clinics
Rumah Sakit Umum Royal Surabaya;Jalan Rungkut Industri 1 160293 Kota Surabaya;Medical Clinics
Rumah Sakit Hardjo Lukito;Jalan Janti 55198 Klaten  - Kabupaten;Medical Clinics
Medika Loka Yogya;Jalan Inpeksi Selokan Mataram 55282 Kota Yogyakarta;Medical Clinics
Rumah Sakit Umum Daerah Sumberrejo;Jalan Sumberrejo 23157421 Klaten  - Kabupaten;Medical Clinics
Diandra Clinic;Plaza Graha Famili D 60228 Kota Surabaya;Medical Clinics
Rumah Sakit Bhayangkara Bondowoso;Jl. Jend Pol S Judodiharjo 1268287 Klaten  - Kabupaten;Medical Clinics
RS Dharma Husada;Jalan Ngebong 19257471 Klaten  - Kabupaten;Medical Clinics
RS Awal Bros Panam;Jalan HR Soebrantas 8828291 Kota Pekanbaru;Medical Clinics
BP Mandau Sejahtera;Jalan Jenderal Sudirman 3528784 Klaten  - Kabupaten;Medical Clinics
Natasha - Skin Care;Jalan Urip Sumoharjo 6555222 Kota Yogyakarta;Medical Clinics
Weren Mulia Estetika;Jalan Pluit Karang Permai 14450 Jakarta;Medical Clinics
Klinik Monhal Persada;Jalan Serang 2315133 Kota Tangerang;Medical Clinics
Klinik Graha Mitra;Jl. Raya Hankam 317116 Klaten  - Kabupaten;Medical Clinics
Rumah Sakit Sari Asih;Jalan Imam Bonjol 3815114 Kota Tangerang;Medical Clinics
Rumah Sakit Bedah & Obgyn Dr Moedjito;Jl. Hayam Wuruk 961411 Klaten  - Kabupaten;Medical Clinics
Dewata Makmur Sejahtera;Jalan Pulau Nusa Penida 2680114 Dompu  - Bali;Medical Clinics
Rumah Sakit Karisma Cimareme;Jalan Cilame 23540552 Kabupaten Bandung Barat;Hospitals
RS Ananda Purwokerto;Jalan Pemuda 3053132 Klaten  - Kabupaten;Hospitals
Rumah Sakit Islam Assyifa;Jl. Jend. Sudirman 2743111 Kota Sukabumi;Hospitals
Rumah Sakit Umum Mitra Sejati;Jalan AH Nasution 720147 Medan Johor  - Pangkalan Masyhur;Hospitals
RSIA Asyifa Depok;Jl. Raya Cinere Depok 9 Depok;Hospitals
Rumah Sakit Mawaddah Medika;Jl. Raya Ngijingan 61385 Klaten  - Kabupaten;Hospitals
RSIA Kirana;Jalan Ngebong 8757471 Klaten  - Kabupaten;Hospitals
Muhana Sano Esensi;Jalan Wolter Mongonsidi 4050112 Kota Semarang;Hospitals
RS Jiwa Cisarua;Jl. Kolonel Masturi 740617 Klaten  - Kabupaten;Hospitals
Rumah Sakit Citra Harapan;Jl. Raya Harapan Indah 317131 Klaten  - Kabupaten;Hospitals
Rigita Medika Mulya;Jalan Kyai Haji Hasyim Ashari 1815145 Kasemen  - Banten;Hospitals
Toya Medika Clinic;Jalan Raya Pengosekan 80571 Dompu  - Bali;Hospitals
Vit Profesional Indosehat;Kalibata City Tower Sakura Unit S/Gf Kl. 1 Jakarta;Hospitals
Bintara Kartika Bakti;C/O Rumah Sakit Satya Negara 2414350 Jakarta;Hospitals
RS Panti Rahayu;Jl. Letjen. R. Suprapto 658111 Klaten  - Kabupaten;Hospitals
Morula IVF;The Bic Building 1210350 Jakarta;Hospitals
Klinik Rafael;Jl. Plampitan 3350519 Klaten  - Kabupaten;Hospitals
Sapta Kurnia Abadi;Jl. Raya Ciselang Cikampek Utara 41373 Klaten  - Kabupaten;Hospitals
RSIA Ferina;Jalan Irian Barat 760281 Kota Surabaya;Hospitals
Jumbotama Pluit Indonesia;Jalan Pluit Selatan Raya 214450 Jakarta;Hospitals
Rumah Sakit Islam Lumajang;Jalan Kyai Muksin 1967311 Klaten  - Kabupaten;BanksHospitals
Rumah Sakit Fathma Medika;Jalan Pendopo 4561151 Klaten  - Kabupaten;BanksHospitals
RS.Bella;Jalan Insinyur Haji Juanda 14117113 Kota Bekasi;BanksHospitals
Klinik Anak Cerdas Ceria;Jl. Letjen Suprapto 8957156 Surakarta;BanksHospitals
Klinik Bedah Surabaya;Jalan Ngagel Wasana 1 3960116 Kota Surabaya;BanksHospitals
Rumah Sakit Ibu Dan Anak Hermina Bitung;Jalan Raya Serang 1015810 Klaten  - Kabupaten;BanksHospitals
Rumah Sakit Urip Sumoharjo Bandar Lampung;Jalan Letnan Jenderal Urip Sumoharjo 20035131 Kota Bandar Lampung;BanksHospitals
Rumah Sakit Umum Daerah Panembahan Senopati Bantul;Jl. Dr. Wahidin Sudirohusodo 55714 Klaten  - Kabupaten;BanksHospitals
RS Permata Keluarga Jababeka;Jl. Dr. Cipto Mangunkusumo 17530 Klaten  - Kabupaten;BanksHospitals
Klinik PKU Muhammadiyah;Jalan Doktor Husen Kartasasmita 8446312 Banjar;BanksHospitals
Bio Karya Sejahtera;Jl. Gunung Latimojong  Jakarta Timur  - Makasar;BanksHospitals
Revital Clinic;Jalan Lengkong Kecil 1440261 Klaten  - Kabupaten;BanksHospitals
Klinik Mata Mayestik;Jalan Kota Bumi 1410210 Jakarta;BanksHospitals
Rumah Sakit Umum Daerah Kota Cilegon;Jl. Kapt. P. Tendean 342412 Kota Cilegon;BanksHospitals
Rumah Sakit Juwita;Jalan Mayor Madmuin Hasibuan 7817113 Kota Bekasi;BanksHospitals
Rumah Sakit Mata Pekanbaru;Jalan Soekarno Hatta 23628125 Kota Pekanbaru;BanksHospitals
Little Ants Preschool;Wisma 46 Kota BNI 2Rd Floor Unit 2.05 10220 Jakarta;BanksHospitals
Rumah Sakit Berumah Sakitalin Mutiara Bunda Salatiga;Jalan Merak 850721 Salatiga;BanksHospitals
Igyolini Korpora Utama;Jl. Petogogan II / 2912160 Jakarta;BanksHospitals
RSIA Permata Bunda;Jl. Adinegoro By Pass 27317 Klaten  - Kabupaten;BanksHospitals
Rumah Sakit Bhakti Asih;Jalan Pangeran Diponegoro 12552212 Klaten  - Kabupaten;Hospitals
Cahaya Advchem Digital Printing;Ruko Sentra Kencana 860246 Kota Surabaya;Hospitals
Rumah Sakit Bersalin Kusuma;Jalan Bima 357416 Klaten  - Kabupaten;Hospitals
Persatuan Karya Dharma Kesehatan Indonesia;Jalan Kramat 6 710330 Jakarta;Hospitals
Pelindo Husada Citra;Jl. Prapat Kurung Selatan 160165 Kota Surabaya;Hospitals
Seno Medika Klinik Khitan;Jalan Jenderal Ahmad Yani 67540125 Kota Bandung;Hospitals
Rumah Sakit Umum Daerah Dr R Soetrasno;Jalan Pahlawan 1659218 Klaten  - Kabupaten;Hospitals
Rumah Sakit Umum Bhakti Rahayu;Jalan Gatot Subroto 2 1180231 Dompu  - Bali;Hospitals
Rumah Sakit Umum TK.III Bhakti Wira Tamtama Smg;Jalan Doktor Sutomo 1757451 Klaten  - Kabupaten;Hospitals
Rumah Sakit Santo Borromeus;Jalan Insinyur Haji Djuanda 10040132 Kota Bandung;Hospitals
Rumah Sakit TK III Ciremai;Jalan Kesambi 23745132 Kota Cirebon;Hospitals
Rumah Sakit Yos Sudarso;Jalan Situjuh 125129 Kota Padang;Hospitals
Rumah Sakit Jiwa Dr Soeharto Heerdjan Jakarta;Jalan Profesor Doktor Latumeten 111460 Jakarta;Hospitals
Rumah Sakit Umum Santo Antonius;Jl. K.H Wahidin Hasyim 24978116 Kota Pontianak;Hospitals
PT Ceria Inovasi Internasional;Jalan Doktor Ide Anak Agung Gde Agung 112930 Jakarta Selatan;Hospitals
RSIA Hermina Bekasi;Jalan Kemakmuran 3917141 Kota Bekasi;Hospitals
Eka Hospital;Jl. Ir. Soekarno-Hatta 628282 Kota Pekanbaru;Hospitals
Akademi Kebidanan Griya Husada;Jl. Dukuh Pakis Baru II 11060225 Kota Surabaya;Hospitals
Rumah Sakit Siloam Hospital Balikpapan;Jalan MT Haryono 976114 Balikpapan;Hospitals
Perisai Husada;Jalan Halmahera 840115 Kota Bandung;Hospitals
Klinik Ibnu Sina;Jalan Marsma R Iswahyudi 476115 Balikpapan;Medical Clinics
Banyan Tree Management;Jl. Teluk Berembang Site A4 429155 Riau Islands;Medical Clinics
RSIA Sayyidah;Jalan Taman Malaka Selatan 613450 Jakarta;Medical Clinics
Kao Indonesia;Kao Building 12770 Jakarta;Medical Clinics
Rumah Sakit Immanuel;Jalan Kopo 16140224 Kota Bandung;Medical Clinics
Chill Room By Lagoon Spa Seminyak;Jl. Nakula Gg Baik-Baik 80111 Dompu  - Bali;Medical Clinics
RSU Harapan Ibu;Jalan Mayor Jenderal Sungkono 153371 Klaten  - Kabupaten;Medical Clinics
Rumah Sakit Khusus Paru Surabaya;Jalan Karang Tembok 3960153 Kota Surabaya;Medical Clinics
RSB Taman Harapan Baru;Jalan Harapan Baru 17133 Kota Bekasi;Medical Clinics
Rumah Sakit PKU Muhammadiyah;Jalan Kyai Haji Ahmad Dahlan 2055121 Kota Yogyakarta;Medical Clinics
Rumah Sakit Umum William Booth;Jalan Letnan Jenderal S Parman 550232 Kota Semarang;Medical Clinics
Rumah Sakit Haji Medan;Jl. Rumah Sakit Haji Medan 20216 Percut Sei Tuan;Medical Clinics
Rumah Sakit Siloam Purwakarta;Jalan Raya Bungur Sari 141181 Klaten  - Kabupaten;Medical Clinics
Rumah Sakit Islam Wonosobo;Jl. Mayjen Bambang Sugeng 356317 Klaten  - Kabupaten;Medical Clinics
Dentamedica Care Center;Jl. AP. Pettarani 2190174 Jakarta Timur  - Makasar;Medical Clinics
Rumah Sakit Simpangan Depok;Jalan Bogor 3616515 Depok;Medical Clinics
Garuda Sentra Medika;Jalan Angkasa 10610 Jakarta;Medical Clinics
Rumah Sakit Umum Graha Ultima Medika;Jalan Majapahit 1083127 Kota Mataram;Medical Clinics
Rumah Sakit Pelabuhan Cirebon;Jalan Sisingamangaraja 4545121 Kota Cirebon;Medical Clinics
Prime Plus Medical - Bali Medical Clinic;Jl. Subak Sari , Tibubeneng, North Kuta, Badung Regency, Bali 9080361 Badung;Medical Clinics
Rumah Sakit Abdi Waluyo;Jalan HOS Cokroaminoto 3110220 Jakarta;Hospitals
Rumah Sakit Prima Medika;Jl. Pulau Serangan 980361 Dompu  - Bali;Hospitals
Rumah Sakit Royal Progress;Jalan Danau Sunter Utara 14350 Jakarta;Hospitals
Rumah Sakit Islam Muhammadiyah Kendal;Jl. Ar Rahmah 1851215 Klaten  - Kabupaten;Hospitals
Rumah Sakit Pondok Indah;Rumah Sakit Pondok Indah 1412310 Jakarta;Hospitals
Rumah Sakit Prof Dr Tabrani;Jalan Jenderal Sudirman 41028284 Kota Pekanbaru;Hospitals
Rumah Sakit TNI AU Dr Salamun;Jalan Ciung 20340133 Kota Bandung;Hospitals
RS. PKU Muhammadiyah;Jalan Ronggowarsito 13057131 Surakarta;Hospitals
Rumah Sakit Berumah Sakitalin Bunda Semarang;Jl. Brigjen Katamso 850125 Klaten  - Kabupaten;Hospitals
Rumah Sakit Islam Sultan Agung;Jalan Kaligawe 450113 Kota Semarang;Hospitals
Sekolah Tinggi Ilmu Kesehatan Immanuel;Jalan Kopo 16140231 Kota Bandung;Hospitals
Rsal Dr Mintohardjo;Jalan Bendungan Hilir 1710270 Jakarta;Hospitals
Murano Spa;Jl. Dewi Saraswati 80231 Dompu  - Bali;Hospitals
Rumah Sakit Umum Daerah Kota Semarang;Jalan Fatmawati 150273 Kota Semarang;Hospitals
Ken Saras Rumah Sakit;Jalan Soekarno Hatta 2950552 Klaten  - Kabupaten;Hospitals
Rumah Sakit Ridhoka Salma Cikarang;Jalan Imam Bonjol 717520 Klaten  - Kabupaten;Hospitals
Rumah Sakit Mata Undaan;Jalan Undaan Kulon 1960274 Kota Surabaya;Hospitals
RS Mitra Keluarga Bekasi;Jalan Jenderal Ahmad Yani 17144 Kota Bekasi;Hospitals
Klinik Penta Medika;Jl. Teuku Umar Barat 8880233 Dompu  - Bali;Hospitals
PT Damai Angkasa Medisraya;Jalan Doktor Saharjo 12860 Jakarta Selatan;Hospitals
Rumah Sakit Umum Daerah Kota Bandung;Jalan Rumah Sakit 2240294 Bandung;Hospitals
RS. HARAPAN BUNDA BANDA ACEH;Jalan Teuku Umar 18123233 Banda Aceh;Hospitals
RSU Rajawali Citra;Jl. Pleret KM 2.5 55196 Bantul;Hospitals
Rumah Sakit Duta Indah;Jalan Teluk Gong A1 1214450 Jakarta Utara;Hospitals
Rumah Sakit Bunda Palembang;Jalan Demang Lebar Daun 7030132 Kota Palembang;Hospitals
Rumah Sakit Umum Dr H Abdul Moeloek;Jalan Doktor A Rivai 635112 Kota Bandar Lampung;Hospitals
Rumah Sakit Umum Permata Depok;Jalan Raya Muchtar 2216519 Depok;Hospitals
RSUD Sambas;Jl. Pendidikan Sambas 79462 Klaten  - Kabupaten;Hospitals
Balai Besar Laboratorium Kesehatan;Jalan Inspektur Yazid 230129 Kota Palembang;Hospitals
Hermina Karawang;Jl. Tuparev 38614314 Klaten  - Kabupaten;Hospitals
Tigasati Medika Pratama;Karawaci Office Park 15811 Klaten  - Kabupaten;Hospitals
Rumah Sakit Islam Pati;Jl. Raya Pati Tayu 1859181 Klaten  - Kabupaten;Hospitals
Rumah Sakit Umum Habibullah;Jalan Tahunan 58183 Klaten  - Kabupaten;Hospitals
Ruvi Rizqy Berkah;Ruko Sentra Kencana 860246 Kota Surabaya;Hospitals
Medika Tunas Abadi;Spbu Pertamina  Kota Tangerang;Hospitals
Rumah Sakit Cahya Kawaluyan;Perumahan Pesona Ala Parahyangan 340293 Kota Bandung;Hospitals
Rumah Sakit Umum Daerah Sidoarjo;Jalan Mojopahit 66761215 Klaten  - Kabupaten;Hospitals
Fisio Tunas Abadi;U Residence Tower 105 Klaten  - Kabupaten;Hospitals
RSUD Dr. Tjitrowardojo Purworejo;Jalan Jenderal Sudirman 6054114 Klaten  - Kabupaten;Hospitals
Klinik Praga Medika;Jl. Jend. Sudirman 10245256 Klaten  - Kabupaten;Hospitals
Siloam Hospitals Jambi;Jalan Soekarno Hatta 36138 Kota Jambi;Hospitals
Rumah Sakit Umum Metro Medical Center;Jalan Merdeka Barat 7024355 Kota Lhoksumawe;Hospitals
Semen Padang Hospital;Jalan By Pass 725161 Kota Padang;Hospitals
Rumah Sakit Permata Keluarga;Jalan Mohammad Husni Thamrin 17550 Kota Bekasi;Hospitals
Rumah Sakit Kharitas Bhakti;Jalan Siam 15378122 Kota Pontianak;Hospitals
Rumah Sakit Hermina Serpong;Jl. Raya Puspitek 815310 Klaten  - Kabupaten;Hospitals
Rumah Sakit Ibu Dan Anak Sylvani;Jalan Perintis Kemerdekaan 2120747 Kota Binjai;Hospitals
Rumah Sakit Ibu Dan Anak Gizar;Jl. 117330 Kota Bekasi;Hospitals
Naavagreen Natural Skin Care;Jalan Bali 960281 Kota Surabaya;Hospitals
Rumah Sakit Emanuel;Purwareja - Klampok Banjarnegara 53474 Klaten  - Kabupaten;Hospitals
Rumah Sakit Adella;Jl. Prof Moh Yamin 7752183 Klaten  - Kabupaten;Hospitals
Rumah Sakit Umum Daerah Dr R Koesma;Jl. Dr. Wahidin Sudirohusodo 80062315 Klaten  - Kabupaten;Hospitals
Rumah Sakit Islam Madinah;Jl. Raya Sukasari 3264111 Kota Kediri;Hospitals
Rumah Sakit Rahman Rahim;Jalan Saimbang 61258 Klaten  - Kabupaten;Hospitals
Rumah Sakit Umum Royal Prima;Jalan Raden Wijaya 36138 Kota Jambi;Hospitals
Buah Hati Medika Pamulang;Jalan Siliwangi 18915141 Kota Tangerang;Hospitals
Rumah Sakit Sari Asih Serang;Jalan Jenderal Sudirman 3842124 Kota Serang;Hospitals
Klinik Ibin Sina;Jalan Pendidikan 3313440 Jakarta;Hospitals
Rumah Sakit Adam Thalib;Jl. Teuku Umar 2517530 Klaten  - Kabupaten;Hospitals
Rumah Sakit Samarinda Medika Citra;Jalan Haji Muhammad Kadrie Oening 8175124 Kota Samarinda;Hospitals
Erha Clinic Pusaka;Jalan Sultan Iskandar Muda 3112240 Jakarta;Medical Clinics
Rumah Sakit Umum Natar Medika;Jalan Raya Natar 435362 Kabupaten Lampung Selatan;Medical Clinics
RSUD Kanjuruhan Malang;Jalan Panji 10065163 Kota Malang;Medical Clinics
Rumah Sakit Telaga Bunda;Jl. Peutua Banta 724251 Klaten  - Kabupaten;Medical Clinics
Sinar Senyum Nusantara;Palais De Paris A/16 Kota Deltamas 16 Klaten  - Kabupaten;Medical Clinics
Rumah Sakit Wijaya Kusumah;Jl. RE Martadinata 17245514 Klaten  - Kabupaten;Medical Clinics
SOS Medika;Jalan Puri Sakti 1 1012410 Jakarta;Medical Clinics
RS Bhakti Rahayu Surabaya;Jalan Ketintang Madya 1 1660231 Kota Surabaya;Medical Clinics
Rumah Sakit Panti Secanti;Jalan Gesing Jatipuro 57437 Klaten  - Kabupaten;Medical Clinics
Rumah Sakit Hermina Solo;Jalan Kolonel Sutarto 1657126 Surakarta;Medical Clinics
Elim Medical Center;Jalan Jenderal Sudirman 19040181 Klaten  - Kabupaten;Medical Clinics
Rumah Sakit Kurnia Serang;Jalan Raya Cilegon 842161 Klaten  - Kabupaten;Medical Clinics
Delta Surya Husada;Jalan Pahlawan 961211 Klaten  - Kabupaten;Medical Clinics
Rumah Sakit Islam Aminah;Jalan Kenari 5466136 Kota Blitar;Medical Clinics
RS. Santa Elisabeth;Jl. Ganjuran 55551 Kota Yogyakarta;Medical Clinics
Rumah Sakit Islam Nasrul Ummah;Jalan Merapi 6257413 Klaten  - Kabupaten;Medical Clinics
Rumah Sakit Islam Fatimah Banyuwangi;Jalan Jambu 2557423 Klaten  - Kabupaten;Medical Clinics
Rumah Sakit Tiara;Jalan Raya Babelan 6317121 Kota Bekasi;Medical Clinics
Rumah Sakit Umum Kasih Bunda Cimahi;Jalan Mahar Martanegara 16640521 Kota Cimahi;Medical Clinics
Rumah Sakit Harapan Jayakarta;Jl. Bekasi Timur Raya 613930 Jakarta;Medical Clinics
Rumah Sakit Jiwa Gracia Propinsi D.I Yogyakarta;Jalan Kaliurang 1755284 Klaten  - Kabupaten;Psychiatric Clinics
RS Tiara Sella;Jalan S Parman 6138111 Kota Bengkulu;Psychiatric Clinics
MD Clinic;Jalan Kyai Haji Sirajd Salman 2075122 Kota Samarinda;Psychiatric Clinics
Murni Teguh Memorial Hospital;Jalan Jawa 220231 Kota Medan;Psychiatric Clinics
Rumah Sakit Islam Kustati;Jalan Kapten Mulyadi 24957188 Surakarta;Psychiatric Clinics
RSU Famili Husada;Jalan Astina Timur 880512 Klaten  - Kabupaten;Psychiatric Clinics
Rumah Sakit Bhakti Nugraha;Jalan Basuki Rahmat 5075111 Kota Samarinda;Psychiatric Clinics
Rumah Sakit Umum PKU Muhammadiyah Pekajangan;Jalan ambokembang 4251173 Klaten  - Kabupaten;Psychiatric Clinics
Rumah Sakit Medika Dramaga;Jalan Raya Dramaga 716680 Klaten  - Kabupaten;Psychiatric Clinics
Dinas Sosial Provinsi Kalimantan Timur;Jalan Basuki Rahmat 7675112 Kota Samarinda;Psychiatric Clinics
Rumah Sakit Biomedika;Jalan Bung Karno 14383118 Kota Mataram;Psychiatric Clinics
Rumah Sakit Hermina Sukabumi;Jalan Raya Sukaraja 43192 Klaten  - Kabupaten;Psychiatric Clinics
Rumah Sakit Bhayangkara Jambi;Jalan Raden Mattaher 336143 Kota Jambi;Psychiatric Clinics
Rumah Sakit Ibu Dan Anak Husada Bunda;Jalan Pahlawan Trip 265115 Kota Malang;Psychiatric Clinics
Rumah Sakit Umum Daerah Sukoharjo;Jalan Dokter Muwardi 7157514 Jakarta;Psychiatric Clinics
RS AMC;Jl. Raya Cileunyi 40626 Klaten  - Kabupaten;Psychiatric Clinics
Rumah Sakit Melinda 2;Jalan Doktor Cipto Mangunkusumo 140171 Kota Bandung;Psychiatric Clinics
Kumala Nugraha Rachman;Jalan Pangeran Antasari 3375124 Kota Samarinda;Psychiatric Clinics
RS Harapan Mulia;Jl. Raya Cibarusah 517530 Klaten  - Kabupaten;Psychiatric Clinics
RS Usada Insani;Jalan Kyai Haji Hasyim Ashari 2415119 Kota Tangerang;Psychiatric Clinics
RSU Budi Rahayu Pekalongan;Jalan Barito 551141 Kota Pekalongan;Hospitals
Bunda Jembrana;Jalan Rajawali 3682211 Klaten  - Kabupaten;Hospitals
Rumah Sakit Sekar Kamulyan;Jl. Raya Cigugur Kuningan 2845552 Klaten  - Kabupaten;Hospitals
Rumah Sakit Umum Mulia Pajajaran;Jalan Pajajaran 9857436 Klaten  - Kabupaten;Hospitals
Rumah Sakit Mata Bali Mandara;Jalan Angsoka 881116 Dompu  - Bali;Hospitals
Rumah Sakit Mitra Medika Cikarang;Jl. Jatiwangi 17116 Klaten  - Kabupaten;Hospitals
Tirtakreasi Amrita;Jl. Pahlawan Seribu 15322 Jakarta;Hospitals
Rumah Sakit Umum Islam Purwokerto;Jl. H. Masyuri Rejasari 3953134 Klaten  - Kabupaten;Hospitals
Alhamd Global Makmur;Gang Rajawali 35144 Kota Bandar Lampung;Hospitals
Klinik Cireundeu Medika;Jalan Insinyur Haji Juanda 2115112 Kota Tangerang;Hospitals
Rumah Sakit Jantung Binawaluya;Jl. Letjen. T.B. Simatupang 7113750 Jakarta;Hospitals
PhysioActive Indonesia - Sports Physiotherapy Jakarta;Darmawangsa Square 212160 Jakarta;Hospitals
Ciputra Hospital;Jalan Citra Raya Boulevard 15710 Klaten  - Kabupaten;Hospitals
Rumkit TK.II Dr. Soepraoen;Jalan Simo 2257432 Klaten  - Kabupaten;Hospitals
Rumah Sakit JIH;Jalan Ring Road Utara 16055283 Klaten  - Kabupaten;Hospitals
Rumah Sakit Ibu Dan Anak Zainab;Jl. Ronggo Warsito 128557 Kota Pekanbaru;Hospitals
Rumah Sakit Umum Petukangan;Jalan Ciledug Raya 812270 Jakarta;Hospitals
Rumah Sakit Umum Daerah Lawang;Jl. R.A. Kartini 565211 Klaten  - Kabupaten;Hospitals
Rumah Sakit Khusus Bedah Karima Utama;Jl. Amarta Raya 857562 Klaten  - Kabupaten;Hospitals
Mandaya Hospital;Jalan Akses Tol Karawang Barat 41361 Klaten  - Kabupaten;Hospitals
RS Satya Negara (Sunter Agung);Jalan Agung Utara 4 114350 Jakarta;Hospitals
Rumah Sakit Umum Permata Blora;Jl. Reksodiputro 5758217 Klaten  - Kabupaten;Hospitals
Rumah Sakit Stroke Nasional Bukittinggi;Jl. Jendral Sudirman 26111 Kota Bukittinggi;Hospitals
Rumah Sakit Darmo;Jalan Raya Darmo 9060264 Kota Surabaya;Hospitals
RS. Pertamedika Sentul;Jalan Mohammad Husni Thamrin 16810 Klaten  - Kabupaten;Hospitals
Rumah Sakit Airlangga;- C Jl. Airlangga 5061412 Klaten  - Kabupaten;Hospitals
Rumah Sakit Islam Darus Syifa';Jalan Raya Benowo 560194 Kota Surabaya;Hospitals
Rumah Sakit Holistika Medika Hospital;Jl. Cindelaras Raya - Karangsari 55584 Kota Yogyakarta;Hospitals
PMI Utdc Kota Pasuruan;Jalan Untung Surapati 67116 Klaten  - Kabupaten;Hospitals
Klinik Padajajaran Karangpawitan;Jalan Karanglo 26157452 Klaten  - Kabupaten;Hospitals
Rumah Sakit Siti Khodijah Pekalongan;Jalan Bandung 3951122 Kota Pekalongan;Hospitals
Rumah Sakit Islam Ibnu Sina Pekanbaru;Jalan Melati 6028156 Kota Pekanbaru;Hospitals
Rumah Sakit Permata Pamulang;Jalan Simo 157432 Klaten  - Kabupaten;Hospitals
Klinik Keluarga Kita;Jalan Serdang 1610650 Jakarta;Hospitals
Dental Clinic J Wibowo MHA, Olivia Mr MBA, M Wibowo;Jalan Sedap Malam 1660178 Kota Surabaya;Hospitals
RSIA Hermina Jatinegara;Jalan Bakti 12611410 Jakarta;Hospitals
Rumah Sakit Hermina Ciputat;Jl. Ciputat Raya 215320 Klaten  - Kabupaten;Hospitals
Rumah Sakit Gatoel;Jalan Raden Wijaya 5661315 Kota Mojokerto;Hospitals
Puskesmas Jatilawang;Jalan Raya Jatilawang 2453174 Klaten  - Kabupaten;Hospitals
Rumah Sakit Umum Ibnu Sina Padang Panjang;Jl. Sukarno Hatta 1727115 Kota Padang;Hospitals
RS Risa Sentra Medika;Jalan Pejanggik 11583239 Kota Mataram;Hospitals
Pamulang Medical Center;Jalan Palem 215148 Kota Tangerang;Hospitals
RSIA Kasih Ibu;Jalan Sultan Agung 3257436 Klaten  - Kabupaten;Hospitals
Columbia Asia Hospital Pulomas;Jalan Kayu Putih Raya 113210 Jakarta;Hospitals
Rumah Sakit Mardi Waluyo Metro;Jalan Jenderal Sudirman 15634111 Kota Metro;Hospitals
RS Sari Mulia;Jl. Pangeran Antasari 13970231 Kabupaten Hulu Sungai Selatan;Hospitals
Rumah Sakit Aisyiyah Siti Fatimah;Jalan Raya Kenongo 1461273 Klaten  - Kabupaten;Hospitals
Sehat Utama Global;Jalan Buah Batu 21140262 Kota Bandung;Hospitals
Rumah Sakit Emanuel;Jalan Raya Purworejo Klampok 53474 Klaten  - Kabupaten;Hospitals
RS Pekanbaru Medical Center;Jl. Lembaga Pemasyarakatan 2528282 Kota Pekanbaru;Hospitals
Sahabat Gigi Sehat Indonesia;Jl. Dewa Ruci  Klaten  - Kabupaten;Hospitals
Rumah Sakit Mitra Husada;Jl. Jend A Yani 1435674 Klaten  - Kabupaten;Hospitals
RS Aisyiyah Kudus;Jalan HOS Cokroaminoto 24859319 Klaten  - Kabupaten;Hospitals
Rumah Sakit Ibu Dan Anak Pura Raharja;Jalan Pucang Adi 1260282 Kota Surabaya;Hospitals
Rumah Sakit Katolik Budi Rahayu;Jalan Jenderal Ahmad Yani Gang 3 1866131 Kota Blitar;Hospitals
Rumah Sakit Islam Al-Ikhlas;Jl. Kolonel Soegiono 1352361 Klaten  - Kabupaten;Hospitals
Klinik Makmur Jaya;Jl. Wr Supratman 2915312 Klaten  - Kabupaten;Hospitals
Surya Husadha Kuta Medical Center;Jalan Kartika 9080361 Klaten  - Kabupaten;Hospitals
Rumah Sakit Ibu Dan Anak Rosiva;Jalan Bangka 1520231 Obi Timur  - Sum;Hospitals
RSB Jeumpa;Jl. Sultan Syarif Abdurrahman 5478113 Klaten  - Kabupaten;Hospitals
PKU Muhammadiyah Sukoharjo;Jalan Mayor Sunaryo 3757512 Klaten  - Kabupaten;Hospitals
Unggul Karsa Medika;Jl. Prof Drg Suria Sumantri 6540164 Klaten  - Kabupaten;Hospitals
RS Citra Arafiq;Jalan Perindustrian 5316411 Depok;Hospitals
Rumah Sakit Aminah;Jalan HOS Cokroaminoto 457412 Klaten  - Kabupaten;Hospitals
Klinik Kalvari;Jl. Jenderal Sudirman 99511 Klaten  - Kabupaten;Hospitals
Fairy Klinik;- B Jl. Pahlawan Revolusi 813430 Jakarta;Hospitals
Klinik Hayana;Jalan Mampang Prapatan 15 812790 Jakarta;Hospitals
Apotek Kimia Farma;Jl. Dr. Wahidin Selatan 5967173 Klaten  - Kabupaten;Hospitals
Laboratorium Prodia;Jalan Merdeka 3721143 Pematangsiantar;Hospitals
RSIA Andini;Jalan Tuanku Tambusai 5528292 Kota Pekanbaru;Hospitals
Rumah Sakit Betha Medika;Jalan Cibatu - Sukasari 59543152 Kota Sukabumi;Hospitals
Prana Mitra Bersama;Menara Mulia Basement Floor Suite G-018 12930 Jakarta;Hospitals
Citra Mandiri Cipta;Jl. Bratang Gede Iiig 260245 Kota Surabaya;Hospitals
Rsau Dr. Efram Harsana;Jl. Raya Solo Maospati 63392 Klaten  - Kabupaten;Hospitals
Klinik Citra Ciomas;Jl. Raya Ciomas 216153 Klaten  - Kabupaten;Hospitals
Bamed Sarana Menteng;Menteng Central 7010310 Jakarta;Hospitals
Rumah Sakit Umum Mandaya;Jalan Akses Tol Karawang Barat 41361 Klaten  - Kabupaten;Hospitals
Ottobock Healthcare Indonesia;Jl. Taman Tekno F1/FG 115314 Klaten  - Kabupaten;Hospitals
Rumah Sakit Puri Cinere;Jalan Maribaya 116515 Depok;Hospitals
RS Pelabuhan;Jalan Kramat Jaya Raya 114260 Jakarta;Hospitals
Rumah Sakit Universitas Indonesia;Jalan Profesor Doktor Bahder Djohan 116424 Depok;Hospitals
Rumah Sakit Akademik UGM;Jalan Kabupaten 55291 Klaten  - Kabupaten;Hospitals
Rumah Sakit Era Medika;Jl. Raya Pulosari Ngunut 66292 Klaten  - Kabupaten;Hospitals
Rumah Sakit Hermina Daan Mogot;Jalan Kintamani 211840 Jakarta;Hospitals
Siloam Hospitals Purwakarta;Jalan Raya Bungur Sari 141181 Klaten  - Kabupaten;Hospitals
Rumah Sakit Grha Ultima Medika;Jalan Majapahit 1083127 Kota Mataram;Hospitals
RS Premier Surabaya;Premier Surabaya Hospital Building 60118 Kota Surabaya;Hospitals
Rumah Sakit Ibu Dan Anak Aulia;Jalan Jeruk 1512620 Jakarta;Hospitals
RSUD Dr. Loekmono Hadi Kudus;Jl. Dr. Lukmono Hadi 1959348 Klaten  - Kabupaten;Hospitals
Rumah Sakit Umum Daerah Sleman;Jalan Bhayangkara 4857413 Klaten  - Kabupaten;Hospitals
Rumah Sakit Bhakti Mulia;Jalan Aipda Karel Satsuit Tubun 7911410 Klaten  - Kabupaten;Hospitals
Rumah Sakit Ibu Dan Anak Sakina Idaman;Jl. Nyi Condrolukito Blunyah Gede 6055551 Klaten  - Kabupaten;Hospitals
Rumah Sakit An-Nisa;Jalan Gatot Subroto 315134 Kota Tangerang;Hospitals
Rumah Sakit Putri;Jalan Arief Rachman Hakim 12260111 Kota Surabaya;Hospitals
Rumah Sakit Umum Daerah Dr Iskak;Jl. Dr. Wahidin Sudiro Husodo 66213 Klaten  - Kabupaten;Hospitals
RS. Mitra Plumbon;Jalan Raya Plumbon 1145155 Klaten  - Kabupaten;Hospitals
RS Islam Surabaya. A. Yani;Jalan Jenderal Ahmad Yani 260243 Kota Surabaya;Hospitals
Siloam;Jalan POM 9 30137 Kota Palembang;Hospitals
National University Hospital;Wisma Bii 6060271 Kota Surabaya;Hospitals
BIMC Hospital;Kawasan BTDC 80111 Dompu  - Bali;Hospitals
Rumah Sakit Ibu & Anak Puri Betik Hati;Jalan Pajajaran 10935132 Kota Bandar Lampung;Hospitals
RSIA Hermina Arcamanik;Jalan Jenderal Abdul Haris Nasution 5040291 Klaten  - Kabupaten;Hospitals
RSAB Harapan Kita;Jl. Letjend. S.Parman 11420 Jakarta;Hospitals
Rumah Sakit Umum Kudus;Jl. Dr. Lukmonohadi 1959348 Klaten  - Kabupaten;Hospitals
RSUP Persahabatan;Jalan Persahabatan Raya 113230 Jakarta;Hospitals
Balai Kesehatan Mata Masyarakat Cikampek;Jalan Insinyur Haji Juanda 1041373 Cikampek;Hospitals
Rumah Sakit Siaga Raya;Jalan Siaga 12510 Jakarta;Hospitals
Rumah Sakit Umum Daerah Koja;Jalan Mirah Delima 1 410640 Jakarta;Hospitals
Rumah Sakit Pusat Angkatan Udara Dr. Suhardi Harjolukito;Jalan Janti 55198 Klaten  - Kabupaten;Hospitals
Rumah Sakit Asri;Jalan Duren Tiga Raya 2012760 Jakarta;Hospitals
Siloam Hospitals Kebon Jeruk;Jalan Raya Perjuangan 11530 Jakarta;Hospitals
RSU Parama Sidhi;A Jl. Ahmad Yani 17181113 Klaten  - Kabupaten;Hospitals
Rumah Sakit Roemani Muhammadiyah;Jalan Wonodri 2250249 Kota Semarang;Hospitals
Husada Purwakarta;Jalan RE Martadinata 17530 Klaten  - Kabupaten;Hospitals
Rumah Sakit Syarif Hidayatullah;Jalan Insinyur Haji Juanda 9515411 Kota Tangerang Selatan;Hospitals
Rumah Sakit William Booth;Jl. Letjend. S. Parman 550111 Klaten  - Kabupaten;Hospitals
Rumah Sakit Ibu Dan Anak YPK Mandiri;Jalan Gereja Theresia 2210230 Jakarta;Hospitals
Rumah Sakit Umum Pusat Nasional Dr Cipto Mangunkusumo;Jalan Pangeran Diponegoro 7110230 Jakarta;Hospitals
RS Panti Wilasa Dr. Cipto;Jalan Doktor Cipto 5050126 Kota Semarang;Hospitals
Rumah Sakit Umum Karya Dharma Husada;Jl. Yudistira 780116 Dompu  - Bali;Hospitals
Rumah Sakit Santa Elisabeth Semarang;Jalan Kawi Raya 150232 Kota Semarang;Hospitals
Wonderful Projects Bali;Villa Vogel  Klaten  - Kabupaten;Hospitals
Hasna Medika;Jalan Raden Gilap 845161 Kota Cirebon;Hospitals
Rumah Sakit Jiwa Menur;Jalan Raya Menur 12060282 Kota Surabaya;Hospitals
Rumah Sakit Ibu Dan Anak Gunung Sawo;Jl. Gunung Sawo 2150231 Klaten  - Kabupaten;Hospitals
Rumah Sakit Bhayangkara;Jalan Majapahit 14050248 Klaten  - Kabupaten;Hospitals
Rumah Sakit Mata Dr Yap;Jalan Teuku Cik Di Tiro 555223 Kota Yogyakarta;Hospitals
Rumah Sakit Wangaya;Jalan Kartini 13384211 Dompu  - Bali;Hospitals
Rumah Sakit PGI Cikini;Jalan Raden Saleh 4010330 Jakarta;Hospitals
Rumah Sakit Ibu Anak Limijati;Jalan Laksamana Laut RE Martadinata 3940115 Kota Bandung;Hospitals
Rumah Sakit Restu Ibu Balikpapan;Jalan Jenderal Ahmad Yani 1276125 Balikpapan;Hospitals
Rumah Sakit Jantung Dan Pembuluh Darah Harapan Kita;Jl. Letjen. S. Parman 11420 Jakarta;Hospitals
Rumah Sakit Al-Irsyad;Jalan Kyai Haji Mas Mansyur 21060151 Kota Surabaya;Hospitals
Rumah Sakit Islam Aisyiyah;Jalan Sulawesi 1665117 Kota Malang;Hospitals
Rumah Sakit Jati Sampoerna Pratama;Jl. Studio Antv 17433 Jati;Hospitals
RUMAH SAKIT UMUM DAERAH ABDUL WAHAB SJAHRANIE;Jalan Palang Merah Indonesia 175123 Samarinda;Hospitals
Rumah Sakit Khusus THT Bedah Ciranjang;Jalan C 2010620 Jakarta;Hospitals
Rumah Sakit Ibu & Anak Puri Bunda;A Jl. Simpang Sulfat Utara 6065126 Kota Malang;Hospitals
Rumah Sakit Graha Juanda;Jalan Insinyur Haji Juanda 32617113 Kota Bekasi;Hospitals
RS Pantai Indah Kapuk;Jalan Pantai Indah Utara 1 314460 Jakarta;Hospitals
Rumah Sakit Umum Putra Bahagia;Jalan Terusan Ciremai 11445144 Kota Cirebon;Hospitals
Rumah Sakit Umum Daerah Kraton;Jalan Veteran 3151146 Kota Pekalongan;Hospitals
Rumah Sakit Royal Taruma;Rumah Sakit Royal Taruma 3411470 Jakarta;Hospitals
RS Permata Cibubur;Jalan Raya Alternatif Cibubur 616454 Kota Bekasi;Hospitals
Rumah Sakit Azra;Jalan Raya Pajajaran 21916133 Kota Bogor;Hospitals
Nahdatul Ulama;Jalan Raden Patah 7061217 Klaten  - Kabupaten;Hospitals
Rumah Sakit Atma Jaya;Jalan Pluit Raya 214440 Jakarta;Hospitals
Rumah Sakit Wava Husada;Jalan Panglima Sudirman 9965163 Klaten  - Kabupaten;Hospitals
Rumah Sakit Hermina Galaxy;Jalan Gardenia 1 1117147 Kota Bekasi;Hospitals
Azure Spa At Pesona Resort;Jalan Gili Trawangan 83352 Kabupaten Lombok Utara;Hospitals
Rumah Sakit Ibu Anak Limijati;Jalan RE Martadinata 3940113 Kota Bandung;Hospitals
Siloam Hospital Makassar;Jl. Metro Tanjung Bunga 90225 Jakarta Timur  - Makasar;Hospitals
Awal Bros Medical Centre;Jalan Jenderal Urip Sumoharjo 4312840 Jakarta Timur  - Makasar;Hospitals
Rumah Sakit Mitra Keluarga;Jalan Satelit Indah 2 60187 Kota Surabaya;Hospitals
Klinik Wijaya Kusuma;Jalan Imam Bonjol 17784261 Dompu  - Bali;Hospitals
Integrated Healthcare Indonesia;Jalan Blora 2810220 Jakarta;Hospitals
Bunda Investama Indonesia;Jalan Teuku Cik Ditiro 2 2810350 Jakarta;Hospitals
PT.Medikaloka Ciputat;Jalan Ciputat Baru 215416 Kota Tangerang Selatan;Hospitals
Rumah Sakit Umum Daerah Kota Madiun;Jl. Campur Sari 1263181 Klaten  - Kabupaten;Hospitals
Klinik Wasir & Ambeien Tefaron;Jalan Talaga Bodas 5540262 Kota Bandung;Hospitals
Biolaborindo Makmur Sejahtera;Jalan Sumatera 4810240 Jakarta;Medical Clinics
Klinik Pratama Masyithoh;Jalan Kyai Telingsing 5159317 Klaten  - Kabupaten;Medical Clinics
Klinik Setia Mekar;Jalan Nusantara 2317113 Kota Bekasi;Medical Clinics
Ubud Clinic;Jalan Campuhan 3680571 Klaten  - Kabupaten;Medical Clinics
Klinik Khusus Mata Solo Eye Center;Jalan Doktor Radjiman 42257148 Surakarta;Medical Clinics
Klinik Seto Hasbadi 1;Jalan Raya Seroja 1917132 Kota Bekasi;Medical Clinics
Puri Bagus Candidasa Resort (***);Jalan Raya Candidasa 80811 Klaten  - Kabupaten;Medical Clinics
Rumah Sakit Bhayangkara;Jalan Jenderal Ahmad Yani 11660235 Kota Surabaya;Medical Clinics
Rumah Sakit Ibu Dan Anak Sumber Kasih;Jalan SD 13545143 Kota Cirebon;Medical Clinics
Rumah Sakit Mitra Keluarga Cibubur;Jl. Alternative Transyogi 317433 Kota Bekasi;Medical Clinics
Rumah Sakit Bunda Jakarta;Jalan Teuku Cik Ditiro 2 2810350 Jakarta;Medical Clinics
Rumah Sakit Angkatan Laut Dr Ramelan;Jalan Gadung 160244 Kota Surabaya;Medical Clinics
Rumah Sakit Ibu Dan Anak Anna;Jalan Raya Pekayon 3617147 Kota Bekasi;Medical Clinics
Rumah Sakit Budi Lestari;Jalan Kalimalang 13450 Kota Bekasi;Medical Clinics
Apotek Netra Spesialis Mata;Jalan Suparman 1757436 Klaten  - Kabupaten;Medical Clinics
PT. Rumah Sakit Jeumpa;Jl. Medan - B. Aceh  Km. 220 10224251 Banda Aceh;Medical Clinics
Klinik Kimia Farma Ponorogo;Jl. Jend. Sudirman 963453 Klaten  - Kabupaten;Medical Clinics
Rumah Sakit Umum Daerah Sungailiat;Jalan Jenderal Sudirman 19533215 Klaten  - Kabupaten;Medical Clinics
Rumah Sakit Siloam Jambi;Jl. Soekarno - Hatta Paal Merah 36139 Kota Jambi;Medical Clinics
Rumah Sakit Djatiroto Lumajang;Jl. PB. Sudirman 8167355 Klaten  - Kabupaten;Medical Clinics
Rumah Sakit Rawa Lumbu;Jalan Dasa Darma 17113 Kota Bekasi;Hospitals
RSIA Aisyiyah Klaten;Jalan Kyai Haji Hasyim Ashari 57416 Klaten  - Kabupaten;Hospitals
Puskesmas Kelurahan Pekayon;Jl. Bulak Sari 13710 Jakarta;Hospitals
Rumah Sakit Hasanah Graha Afiah;Jalan Raden Saleh 4216412 Depok;Hospitals
Rumah Sakit Indriati;Jalan Palem 57552 Klaten  - Kabupaten;Hospitals
Yuzza Cipta Sejahtera;Jl. Suka Karya  Kota Tangerang Selatan;Hospitals
Pusyandik (Dr Andre Saputra );Jalan Jenderal Sudirman 33783 Kabupaten Bangka Selatan;Hospitals
Rumah Sakit Umum Woodward;Jl. L.H. Woodward 194112 Kota Palu;Hospitals
Rumah Sakit Enggal Waras;Jl. Karang Rayung 358192 Klaten  - Kabupaten;Hospitals
Rumah Sakit Marsudi Waluyo;Jl. Raya Mondoroko 965153 Klaten  - Kabupaten;Hospitals
Unisba;Jalan Taman Sakura 2640221 Kota Bandung;Hospitals
Bina Dinamika Raga;Jalan Papandayan 650232 Klaten  - Kabupaten;Hospitals
Rumah Sakit Prasetya Husada;Jalan Ngebong 2557471 Klaten  - Kabupaten;Hospitals
Rumah Sakit Advent Bandar Lampung;Jalan Teuku Umar 4835148 Kota Bandar Lampung;Hospitals
Bina Muwahhidin;Jalan Medokan Semampir 560119 Klaten  - Kabupaten;Hospitals
RSUD Dr Darsono Pacitan;Jl. Jend. A. Yani 5163511 Klaten  - Kabupaten;Hospitals
Rumah Sakit Umum Budi Agung Pati;Jalan Bali 757411 Klaten  - Kabupaten;Hospitals
Orient Container Express Indonesia;Jalan Pangeran Tubagus Angke 2011460 Jakarta;Hospitals
Rumah Sakit Bhayangkara;Jalan Blora 10220 Jakarta;Hospitals
Rumah Sakit Umum Pindad;Jl. Gatot Soebroto 51740284 Kota Bandung;Hospitals
Rumah Sakit Grha Permata Ibu;Jalan Haji M Usman 16816421 Depok;Hospitals
Rumah Sakit Islam Ibnu Sina;Jl. M Natsir 126532 Klaten  - Kabupaten;Hospitals
Rumah Sakit Umum Daerah Langsa;Jalan Jenderal Ahmad Yani 124416 Kota Langsa;Hospitals
Intan Husada;Jalan Suparman 7257436 Klaten  - Kabupaten;Hospitals
Rumah Sakit Ibu & Anak Eria Bunda;Jalan Kiyai Haji Ahmad Dahlan 16328115 Kota Pekanbaru;Hospitals
Klinik & RB Sejahtera Ciracas;Jalan Cilacap 710310 Jakarta;Hospitals
Rumah Sakit Umum Melati;Jalan Deli 10520986 Kabupaten Serdang Bedagai;Hospitals
Rumah Sakit Islam Garam Kalianget;Jalan Raya Kali Anget 169471 Klaten  - Kabupaten;Hospitals
RS Muhammadiyah Ahmad Dahlan;Jl. Gatot Subroto 8464121 Klaten  - Kabupaten;Hospitals
Klinik Intan;Jalan Masjid 355111 Kota Yogyakarta;Hospitals
Rumah Sakit Islam Jakarta;Jl. Tipar Cakung 514410 Jakarta;Hospitals
RS Pertamina Bintang Amin;Jalan Pramuka 2635153 Kota Bandar Lampung;Hospitals
Rumah Sakit Kuningan Medical Center;Jl. RE Martadinata 145573 Klaten  - Kabupaten;Hospitals
Rumah Sakit Islam Sari Asih Ar-Rahmah;Jalan K S Tubun 4457412 Klaten  - Kabupaten;Hospitals
Narwastu Mobile Spa, Spa Di Batam Yang Bagus Spa Di Batam Centre Batam Center;Kepri 729431 Riau Islands;Hospitals
Klinik Qita;Komp. Pertanian Atsiri Permai 516920 Klaten  - Kabupaten;Hospitals
Rumah Sakit Ibu Dan Anak Muslimat Ahmad Yani'Ponorogo;Jalan Jenderal Ahmad Yani 15563419 Klaten  - Kabupaten;Hospitals
Rumkit TK II M.Ridwan Meuraksa;Jalan TPA 1 13560 Jakarta;Hospitals
Rumah Sakit Royal Prima;Jalan Raden Wijaya 36138 Kota Jambi;Hospitals
Rumah Sakit Sari Asih Ciputat;Jl. Otista Raya Sasak Tinggi 315412 Kota Tangerang Selatan;Hospitals
Rumah Sakit Umum Cibitung Medika;Jl. H. Bosih 11717520 Klaten  - Kabupaten;Hospitals
Rumah Sakit Amelia;- A Jl. Pahlawan 2564174 Klaten  - Kabupaten;Hospitals
Rumah Sakit Tniad Marten Indey;Jalan Diponegoro 5757416 Klaten  - Kabupaten;Hospitals
RS Horas Insani;Jalan Medan 221137 Pematangsiantar;Hospitals
Weabro Mitra Jaya;Akr Tower Lt. 5 Jakarta;Hospitals
Rumah Sakit Islam Jakarta;Jalan Pondok Kopi 13460 Jakarta;Hospitals
Rumah Sakit Umum Cideres;Jl. Raya Cideres Kadipaten 18045453 Klaten  - Kabupaten;Hospitals
Bina Dinamika Raga;Jl. Blimbing Indah Megah 3165126 Kota Malang;Hospitals
RSB Pasutri Bogor;Jalan Merak 316127 Kota Bogor;Hospitals
Kasih Globalindo;Jalan Guntur 4412980 Jakarta;Hospitals
Klinik Sumber Sehat;Jalan Percetakan Negara 210430 Jakarta;Hospitals
Rumah Sakit Medika Stania;Jalan Jenderal Sudirman 333783 Klaten  - Kabupaten;Hospitals
Rumah Sakit Umum Daerah Kabupaten Bekasi;Jalan Teuku Umar 20217520 Klaten  - Kabupaten;Hospitals
Rumah Sakit Umum Mekar Sari Bekasi;Jl. Mekar Sari 117112 Klaten  - Kabupaten;Hospitals
Rumah Sakit Umum Daerah Sekayu;Jl. Kol. Wahid Udin 130711 Kabupaten Musi Banyuasin;Hospitals
Mom N Jo Spa;C-D Jl. Mangga Besar Jaya 2611150 Jakarta;Hospitals
RSIA Stella Maris;Jalan Samanhudi 2020152 Jati, Medan Maimun;Hospitals
Klinik Kecantikan Miracle Aesthetic;Jalan Kemang 5 1912730 Jakarta;Hospitals
Rumah Sakit Bersalin Putra Dalima Ibu Dan Anak;Jl. Rawa Buntu Utara Sektor 115310 Kota Tangerang;Hospitals
Rumah Sakit Umum Daerah Dr Ibnu Sutowo;Jalan Doktor Muhammad Hatta 132111 Ogan Komering Ulu;Hospitals
Rumah Sakit Nirmala Suri;Jalan Solo - Sukoharjo 957527 Klaten  - Kabupaten;Hospitals
Rumah Sakit Umum Metro Hospitals;Jalan Anggrek 2 217530 Klaten  - Kabupaten;Hospitals
An-Nisa Utama;Jalan Gatot Subroto 315132 Kasemen  - Banten;Hospitals
RSUD Subang;Jl. Brigjen Katamso 3741212 Klaten  - Kabupaten;Hospitals
Rumah Sakit Dr Mohammad Hoesin Palembang;Jalan Jenderal Sudirman 31530126 Kota Palembang;Hospitals
New Puri Mutiara Clinic;Jl. Cipete Viii 9712410 Jakarta;Hospitals
Klinik Padjajaran Wanaraja;Jl. Cikole 844172 Klaten  - Kabupaten;Hospitals
Sumber Waras Hospital;Jalan Kyai Tapa 11440 Jakarta;Hospitals
Geraja Akbp;Jl. Gereja 1722385 Kabupaten Toba Samosir;Hospitals
Rumah Sakit Umum Gunung Sawo Kab. Temanggung;Jalan Jenderal Gatot Subroto 256224 Klaten  - Kabupaten;Hospitals
RSU Ibunda;Jl. Ki Uju 142116 Klaten  - Kabupaten;Hospitals
Rumah Sakit Bedah SS Medika;Jalan Salemba 1 1110310 Jakarta;Hospitals
Aqm Hearing Center;Jl. Raya Serpong Km.7 5 Kota Tangerang Selatan;Hospitals
Rumah Sakit Jasa Kartini;Jalan Otto Iskandardinata 1546132 Kota Tasikmalaya;Hospitals
Metro Hospitals Indonesia;Jalan Raya Serang 1615710 Klaten  - Kabupaten;Hospitals
Rumah Sakit Brayat Minulya;Jalan Dr Setia Budi 10657133 Surakarta;Hospitals
RSB Durentiga;Jalan Duren Tiga Timur 512780 Jakarta;Hospitals
Rumah Sakit Obgin Lombok Dua-Dua Lontar;Jalan Raya Lontar 10960216 Kota Surabaya;Hospitals
Rumah Sakit Budi Agung Juwana - Pati;Jl. Bajo 750746 Salatiga;Hospitals
Rumah Sakit Ibu & Anak Zainab;Jalan Ronggowarsito 1 128132 Kota Pekanbaru;Hospitals
Rumah Sakit Ibu Dan Anak Hermina Sukabumi;Jalan Soka 43122 Kota Sukabumi;Medical InstitutesHospitals
Rumah Sakit Dr Hafiz Cianjur;Jalan Pramuka 1543281 Klaten  - Kabupaten;Medical InstitutesHospitals
Rumah Sakit Pupuk Kaltim Bontang;Jalan Oxigen 175314 Kota Bontang;Medical InstitutesHospitals
Rumah Sakit Mardi Lestari Sragen;Jalan Rokan 857211 Klaten  - Kabupaten;Medical InstitutesHospitals
Prima Husada;Jl. Banjararum Selatan 365311 Kota Batu;Medical InstitutesHospitals
Rumah Sakit Graha Husada Jepara;Jalan Mohammad Thamrin 1459411 Klaten  - Kabupaten;Medical InstitutesHospitals
Rumah Sakit Islam Banjarmasin;Jl. Letjend. S. Parman 8870115 Gg. Purnama;Medical InstitutesHospitals
RS William Booth Surabaya;Jalan Raya Diponegoro 3460253 Kota Surabaya;Medical InstitutesHospitals
RSU Islam Cawas Klaten;Jl. Raya Tugu Cawas Klaten 57463 Klaten  - Kabupaten;Medical InstitutesHospitals
Rumah Sakit Umum Bahteramas Provinsi Sultra;Jalan Kapten Piere Tendean 5093116 Kota Kendari;Medical InstitutesHospitals
Rumah Sakit Umum Siaga Medika Pemalang;Jalan Perintis Kemerdekaan 152361 Klaten  - Kabupaten;Medical InstitutesHospitals
Mimpi Surga Bali;Jalan Batu Belig 55780361 Klaten  - Kabupaten;Medical InstitutesHospitals
Rumah Sakit Citra Husada Pangkalan Bun;Jalan Malijo 74117 Kotawaringin Barat;Medical InstitutesHospitals
Ppsb;Jalan Insinyur Haji Djuanda 10040132 Kota Bandung;Medical InstitutesHospitals
Puskesmas Menteng;Jalan Pegangsaan Barat 1410310 Jakarta;Medical InstitutesHospitals
Rumah Sakit Umum Daerah Petala Bumi;Jalan Doktor Sutomo 28142 Kota Pekanbaru;Medical InstitutesHospitals
Rumah Sakit Umum Dadi Keluarga Ciamis;Jl. R.E. Martadinata 33346274 Klaten  - Kabupaten;Medical InstitutesHospitals
Rumah Sakit Misi Lebak;Jl. Multatuli 4142311 Klaten  - Kabupaten;Medical InstitutesHospitals
RSUD Dr. Harjono Ponorogo;Jl. Raya Ponorogo - Pacitan Pakunden 63453 Klaten  - Kabupaten;Medical InstitutesHospitals
Taman Sari Royal Heritage Spa;Jalan Kyai Haji Wahid Hasyim 13310340 Jakarta;Medical InstitutesHospitals
Rumah Sakit Umum Daerah Klungkung;Jalan Flamboyan 4080713 Klaten  - Kabupaten;Hospitals
Rumah Sakit Ridogalih;Jalan Gunungan 2457414 Klaten  - Kabupaten;Hospitals
Karunia Bunda;Jalan Aria Santika 2815113 Kota Tangerang;Hospitals
Siloam Hospitals Yogyakarta;Jl. Laksda Adi Sucipto 3255221 Kota Yogyakarta;Hospitals
Mitra Mandiri Teratai;Jl. Boulevard Timur Raya  Jakarta;Hospitals
Rumah Sakit Santa Theresia;Jalan Doktor Sutomo 1936113 Kota Jambi;Hospitals
Rumah Sakit Daerah Madani Pekanbaru;Jalan Garuda Sakti 228292 Kota Pekanbaru;Hospitals
RSU Muhammadiyah Ponorogo;Jalan Diponegoro 5063453 Klaten  - Kabupaten;Hospitals
Hosana Medica;Jalan Mohammad Husni Thamrin 17550 Kota Bekasi;Hospitals
Rumah Sakit Dirgahayu Samarinda;Jalan Gunung Merbabu 6275122 Kota Samarinda;Hospitals
Rumah Sakit Umum Daerah Cileungsi;Jalan Cileungsi - Jonggol 1016820 Klaten  - Kabupaten;Hospitals
Rumah Sakit Umum Kristen Mojowarno;Jalan Merdeka 5961475 Klaten  - Kabupaten;Hospitals
RS Bhayangkara Hasta Brata;Jalan Kartini 165317 Kota Batu;Hospitals
Karyawan Unitex;Jalan Raya Tajur 116720 Kota Bogor;Hospitals
Rumah Sakit Umum Wonosobo;Jalan R Singgih Hadipoero 156311 Klaten  - Kabupaten;Hospitals
RS. Bhayangkara Lumajang;Jalan Kapten Kyai Ilyas 767311 Klaten  - Kabupaten;Hospitals
Rumah Sakit Ibu Dan Anak Dhia (RSIA Dhia);Jalan Cemara 9057415 Klaten  - Kabupaten;Hospitals
Rumah Sakit Umum TNI AU-Lanud Roesmin Nurjadin;Jalan Adi Sucipto 12328125 Kota Pekanbaru;Hospitals
Rumah Sakit Permata Hati;Jalan Raya Serang 1215710 Klaten  - Kabupaten;Hospitals
Siloam International Hospitals;Jl. Gabriel Gampur  Kabupaten Manggarai Barat;Hospitals
Rumah Sakit Allam Medica;Jl. P. Diponegoro 60952273 Klaten  - Kabupaten;Hospitals
RS Siloam Balikpapan;Jalan MT Haryono Dalam 2376114 Balikpapan;Hospitals
RS Pusyandik Toboali;Jalan Jenderal Sudirman 33783 Kabupaten Bangka Selatan;Hospitals
Nayaka Era Husada;Jalan Jenderal Haji Amir Machmud 47740523 Kota Cimahi;Hospitals
Rumah Sakit TK. IV Pekanbaru;Jalan Kesehatan 228284 Kota Pekanbaru;Hospitals
Klinik Rolas Medika;Jalan Gajah Mada 1568131 Klaten  - Kabupaten;Hospitals
Rumah Sakit Paru Jember;Jalan Nusa Indah 2857413 Klaten  - Kabupaten;Hospitals
RS Citra Medika;Jalan Raya Kalimulya 6816320 Depok;Hospitals
Puskesmas Kelurahan Johar Baru 2;Jalan Percetakan Negara 2 10430 Jakarta;Hospitals
Arthasabena Putra;Jalan Pajajaran 21957436 Klaten  - Kabupaten;Hospitals
Rumah Sakit Bhakti Rahayu;Jalan Ketintang Madya 1 1660231 Kota Surabaya;Hospitals
Rumah Sakit Jiwa Palu;Jl. Sawo Kunci 1194235 Kota Palu;Hospitals
RS Medika Dramaga;Jalan Damarang Gang 2 757422 Klaten  - Kabupaten;Hospitals
RSUP Dr. M. Djamil;Jalan Perintis Kemerdekaan 25121 Kota Padang;Hospitals
Rumah Sakit Griya Waluya;Jalan Sultan Agung 6857436 Klaten  - Kabupaten;Hospitals
Rumah Sakit Umum Daerah Haji Abdoel Madjid Batoe;Jl. Prof. Dr. Sri Soedewi Muara Bulian 36613 Kabupaten Batang Hari;Hospitals
Rumah Sakit Bhayangkara Tulungagung;Jalan I Gusti Ngurah Rai 2566218 Klaten  - Kabupaten;Hospitals
Bayer Indonesia;Jalan Rungkut Industri 1 1260293 Kota Surabaya;Hospitals
Rumah Sakit Umum Universitas Sumatera Utara;Jl. Dr. T. Mansur 6620154 Obi Timur  - Sum;Hospitals
Klinik Kusuma Medical Center;Jl. Negara 14176284 Klaten  - Kabupaten;Hospitals
Klinik Padjajaran 24 Jam;Jalan Kolonel Ahmad Syam 45363 Klaten  - Kabupaten;Medical Clinics
Rumah Sakit Umum Daerah Abepura;Jl. Kesehatan 199112 Kota Jayapura;Medical Clinics
RS Anugerah Bunda Khatulistiwa;Jalan Ahmad Yani 78122 Kota Pontianak;Medical Clinics
Asri Medical Center;Jalan HOS Cokroaminoto 1755244 Kota Yogyakarta;Medical Clinics
Medikpro;Jalan Gg 6510460 Jakarta;Medical Clinics
RSU Anuta Pura;Jalan Kangkung 194113 Kota Palu;Medical Clinics
Rumah Sehat Keluarga;Jl. Wolter Monginsidi 5812160 Jakarta;Medical Clinics
Rumah Sakit Harapan Bunda;Jl. Raya Lintas Sumatera Seputih Jaya 3134179 Kabupaten Lampung Tengah;Medical Clinics
Rumah Sakit Umum Dr H Soewondo;Jalan Laut 2151311 Klaten  - Kabupaten;Medical Clinics
Candra Buana;Jalan Kendangsari 8 3860292 Kota Surabaya;Medical Clinics
Bethsaida Hospital;Jalan Boulevard Gading Serpong 15810 Klaten  - Kabupaten;Medical Clinics
Rumah Sakit Dr. Mohamad Hoesin;Jalan Jenderal Sudirman 330126 Kota Palembang;Medical Clinics
Rumah Sakit Umum Daerah Am Parikesit;Jalan Jati Agung 112510 Jakarta Selatan  - Karet;Medical Clinics
Anugerah Krida Pratama;Jalan Wibawa Mukti 2 17423 Kota Bekasi;Medical Clinics
Santi Mandala Villa & Spa;Jalan Batu Kurung 2 80571 Klaten  - Kabupaten;Medical Clinics
Rumah Sakit Umum Daerah H. L. Manambai Abdulkadir;Jalan Lintas Sumbawa - Bima 584381 Klaten  - Kabupaten;Medical Clinics
Rumah Sakit Mega Buana;Jl. Andi Djemma 13891959 Kota Palopo;Medical Clinics
PMI Utd Cab Pati;Jl. Dr Susanto 10159113 Klaten  - Kabupaten;Medical Clinics
Rumah Sakit Umum Hermina Bitung;Jalan Raya Serang 1015810 Klaten  - Kabupaten;Medical Clinics
Rumah Sakit Jiwa Jambi;Jalan Dokter Purwadi 936129 Kota Jambi;Medical Clinics
Balai Besar Rehabilitasi Bnn Lido;Jl. Mayjen HR Edi Sukma 2116740 Klaten  - Kabupaten;Curing, Prevention And Rehabilitation Establishments
Rumah Sakit Umum Daerah Salewangang;Jl. Jend. Sudirman 390511 Klaten  - Kabupaten;Curing, Prevention And Rehabilitation Establishments
Rumah Sakit Orthopaedi Purwokerto;Jl. Soeparjo Roestam 99 Klaten  - Kabupaten;Curing, Prevention And Rehabilitation Establishments
Rumah Sakit Umum Kharisma Paramedika;Jalan Khudori 3455651 Kulon Progo;Curing, Prevention And Rehabilitation Establishments
RS Ummi;Jl. Empang II 216132 Kota Bogor;Curing, Prevention And Rehabilitation Establishments
Mrccc Siiloam Hospitals Semanggi;Jl. Garnisun Dalam 12930 Jakarta;Curing, Prevention And Rehabilitation Establishments
Rsnd;Jalan Profesor Suharso 50275 Kota Semarang;Curing, Prevention And Rehabilitation Establishments
RS Cinta Kasih Tzu Chi;Perum. Cinta Kasih Tzu Chi 11730 Jakarta;Curing, Prevention And Rehabilitation Establishments
Rumah Sakit Umum Daerah Semitau;Jl. Kom Yos Sudarso 4278711 Kapuas Hulu;Curing, Prevention And Rehabilitation Establishments
RSUD Puri Husada;Jl. Veteran 5229212 Kabupaten Indragiri Hilir;Curing, Prevention And Rehabilitation Establishments
Hasanah Graha Afiah;Jalan Raden Saleh 4216412 Depok;Curing, Prevention And Rehabilitation Establishments
Rumah Sakit Umum Mutiara Bunda;Jl. Lintas Timur Unit II 114734682 Kabupaten Tulang Bawang;Curing, Prevention And Rehabilitation Establishments
Siloam International Hospitals;Fakultas Kedokteran Universitas Pelita Harapan 1515810 Kota Tangerang;Curing, Prevention And Rehabilitation Establishments
RS Annisa;Jl. Cikarang Baru 3117330 Klaten  - Kabupaten;Curing, Prevention And Rehabilitation Establishments
Total Engineering System;Jl. Muncang Raya Lagoa Koja 3214270 Jakarta;Curing, Prevention And Rehabilitation Establishments
Rumah Sakit Onkologi Solo;Jalan Siwalan 3757143 Surakarta;Curing, Prevention And Rehabilitation Establishments
Optik Cornea;Jl. Yos Sudarso 2064122 Klaten  - Kabupaten;Curing, Prevention And Rehabilitation Establishments
Rumah Sakit Umum Daerah Simo;Jl. Kebon Ijo 57377 Klaten  - Kabupaten;Curing, Prevention And Rehabilitation Establishments
Rumah Sakit Bayukarta;Jalan Kergan 4457485 Klaten  - Kabupaten;Curing, Prevention And Rehabilitation Establishments
Rumah Sakit Umum Daerah NTB;Jl. Prabu Rangkasari Dasan Cermen 83121 Kota Mataram;Curing, Prevention And Rehabilitation Establishments
RSIA Murni Asih;Jl. Raya Bojong Nangka 8615121 Klaten  - Kabupaten;Hospitals
RS Pertamina Bintang Amin;Jalan Pramuka 2735153 Kota Bandar Lampung;Hospitals
RSUD RA KARTINI;Jalan Kyai Haji Wahid Hasyim 17559411 Jepara;Hospitals
Rumah Sakit Umum Daerah Sumbawa;Jalan Lintas Sumbawa - Bima 584381 Klaten  - Kabupaten;Hospitals
Rumah Sakit Permata Jonggol;Jalan Raya Jonggol 116830 Klaten  - Kabupaten;Hospitals
Klinik Sultan Medika;Jalan Duku 157421 Klaten  - Kabupaten;Hospitals
Rumah Sakit Umum Daerah Linggajati Kuningan;Jl. Raya Bandorasa Wetan 3645556 Klaten  - Kabupaten;Hospitals
National Hospital;Jalan Raya Golf Graha Famili 60227 Kota Surabaya;Hospitals
Rumah Sakit Umum Daerah Kota Tangerang Selatan;Jalan Pajajaran 10115418 Kota Tangerang Selatan;Hospitals
RS. EMC Tangerang;Jalan Kyai Haji Hasyim Ashari 2415119 Kota Tangerang;Hospitals
Rumah Sakit Sari Asih Ciledug;Jl. Hos Cokro Aminoto 3815151 Klaten  - Kabupaten;Hospitals
PMI Utd Cab Tulungagung;Jalan Pahlawan 57424 Klaten  - Kabupaten;Hospitals
Klinik Gethealthy;Rukan Six Avenue 2211460 Jakarta;Hospitals
Keluarga Sehat Hospital;Ds. Sukoharjo 59163 Klaten  - Kabupaten;Hospitals
Rumah Sakit Jiwa Daerah Surakarta;Jalan Ki Hajar Dewantara 8057126 Pasar Kliwon  - Jebres;Hospitals
Rumah Sakit Balimed Negara;Jalan Hayam Wuruk 2382218 Klaten  - Kabupaten;Hospitals
Rumah Sakit Umum Wiradadi;Jalan Menteri Supeno 2553181 Klaten  - Kabupaten;Hospitals
Puskesmas Cijantung;Jalan Pertengahan 113770 Jakarta;Hospitals
Rumah Sakit El Syifa;Jl. R E Martadinata 10845581 Klaten  - Kabupaten;Hospitals
Rumah Sakit Umum Prof Dr Boloni;Jalan Robert Wolter Monginsidi 1120157 Obi Timur  - Sum;Hospitals
Rumah Sakit Musi Medika Cendikia;Jalan Demang Lebar Daun 30137 Kota Palembang;Hospitals
Klinik Al Hikam;Jalan Taman 94713720 Jakarta Timur  - Makasar;Hospitals
Rumah Bersalin & BKIA Lilik;Jalan Rajawali 10557412 Klaten  - Kabupaten;Hospitals
Rumah Sakit Nur Wachid Jombang;Jl. Yos Sudarso 2461476 Klaten  - Kabupaten;Hospitals
Klinik BPU Pejuangan Kebon Jeruk;Jalan Raya Perjuangan 111530 Jakarta;Hospitals
Rumah Sakit Asyifa Husada Pamekasan;Jl. Mandilaras 889069353 Klaten  - Kabupaten;Hospitals
Karunia Bunda Setia;Jalan Jatiwaringin 13313610 Kota Bekasi;Hospitals
Perkasa Tunggal Mandiri;Jalan Kunir 711110 Jakarta;Hospitals
Rumah Bersalin Puri Melati;Komp Mlati Glondong 55285 Klaten  - Kabupaten;Hospitals
Puskesmas Grogol Selatan;Jalan Kubur Islam 12220 Jakarta;Hospitals
Klinik Indosehat;Jalan Sidorame 7560152 Kota Surabaya;Hospitals
Puskesmas Cipinang Besar Utara;- B Jl. Cipinang Pulo Maja 3313410 Jakarta;Hospitals
Klinik Budi Luhur;Jalan Kerkhof 3240532 Kota Cimahi;Hospitals
Lishar Sentosa Pratama;Jalan Pahlawan 6017113 Kota Bekasi;Hospitals
Graha Amerta;Jl. Airlangga 169111 Klaten  - Kabupaten;Hospitals
Rajut Ananda Hidup Mandiri;Jl. Sultan Agung 17317132 West Java;Hospitals
Klinik Ananda;Jalan Brigadir Jenderal Slamet Riyadi 62057146 Surakarta;Hospitals
Rumkitban Mojokerto;Jalan Raden Wijaya 5857437 Klaten  - Kabupaten;Hospitals
Rumah Sakit Secapa Polri;Jl. Bhayangkara / Jl. Aminta Asmali Trip 5943112 Kota Sukabumi;Hospitals
Cipta Medika Mandiri;Jl. Ir. H. Juanda 32617133 West Java;Hospitals
Klinik Budi Peni;Jl. Brigjen Sudiarto 19657157 Serengan  - Joyotakan;Medical Clinics
Klinik Lamaran;Jalan Syech Quro Lemah Abang 441372 Klaten  - Kabupaten;Medical Clinics
Harapan Kita Pesona Asri;10 1029424 Riau Islands;Medical Clinics
Puskesmas Teluk Naga;Jl. Kp. Melayu Timur  Kota Tangerang Selatan;Medical Clinics
Annisa Jaya Perdana;Jalan Raya Karanggan 16810 Klaten  - Kabupaten;Medical Clinics
Klinik Sari Medika;Jl. Taman Harapan Baru Raya 2317116 Klaten  - Kabupaten;Medical Clinics
Rumah Sakit Paru Sukosari Husada;Jl. Dr Muwardi 757521 Klaten  - Kabupaten;Medical Clinics
Puskesmas Teluk Pucung;Jalan Perjuangan 117121 Kota Bekasi;Medical Clinics
Pamulang Medical Centre;Jl. Raya Pamulang Blk. D-II 215417 Kota Tangerang Selatan;Medical Clinics
Klinik Ananda Medika III;Jalan Gatot Subroto 615134 Kota Tangerang;Medical Clinics
Fitri Chandra;Jl. Brigjen Katamso 57652 Klaten  - Kabupaten;Medical Clinics
Aspen Medical Indonesia;Sequis 12920 Jakarta;Medical Clinics
Nadya Medical Center;Jalan Cikunir Raya 2217146 Kota Bekasi;Medical Clinics
Klinik Pratama Aisyiyah;Jalan Kiyai Haji Ahmad Dahlan 8228115 Kota Pekanbaru;Medical Clinics
Klinik Ikhlas Medika II;Jl. Raya Jakarta - Serang Pakupatan 42312 Klaten  - Kabupaten;Medical Clinics
Rumah Sakit Bantuan Blora;Jalan Doktor Sutomo 4558211 Klaten  - Kabupaten;Medical Clinics
Rumah Sakit Bhayangkara Brimob;Jalan Akses UI 16451 Depok;Medical Clinics
Ciputra Klinik;Dbs Tower 12940 Jakarta;Medical Clinics
RSUD Kota Salatiga;Jalan Osamaliki 1950721 Salatiga;Medical Clinics
Rumah Sakit Umum Daerah Kota Depok;Jalan Raya Muchtar 9916519 Depok;Medical Clinics
Rumah Sakit Umum Daerah Cibinong;Jl. Ksr Dadi Kusmayadi 416914 Klaten  - Kabupaten;HospitalsEmergency And Assistance Services
Rumah Sakit Khusus Bedah Mitra Ariva;Jalan Raya Ajibarang 53163 Klaten  - Kabupaten;HospitalsEmergency And Assistance Services
Rumah Sakit Umum Hidayah Boyolali;Recosari 57371 Klaten  - Kabupaten;HospitalsEmergency And Assistance Services
RSB Permata Hati;Jalan Ade Irma Suryani Nasution 343635116 Kota Bandar Lampung;HospitalsEmergency And Assistance Services
Rumah Sakit Umum Daerah Karawang;Jalan Galuh Mas Raya 141361 Klaten  - Kabupaten;HospitalsEmergency And Assistance Services
Balai Kesehatan Mata Dan Olahraga Masyarakat;Jalan Basuki Rahmat 175117 Kota Samarinda;HospitalsEmergency And Assistance Services
Mitra Keluarga Karyasehat;Rumah Sakit Mitra Keluarga 14240 Jakarta;HospitalsEmergency And Assistance Services
Badan RSUD Bayu Asih;Jalan Veteran 3957414 Klaten  - Kabupaten;HospitalsEmergency And Assistance Services
Rumah Sakit Umum Bhineka Bhakti Husada;Jalan Cabe Raya 1715418 Kota Tangerang Selatan;HospitalsEmergency And Assistance Services
SOS Medika Klinik;Jalan Ramli 1711410 Jakarta;HospitalsEmergency And Assistance Services
RSU Permata Bunda;Jl. Sisingamaraja 720128 Obi Timur  - Sum;HospitalsEmergency And Assistance Services
Klinik Bhakti Asih;Jl. Raden Saleh 6215142 Klaten  - Kabupaten;HospitalsEmergency And Assistance Services
Proteindo Karyasehat;Jl. Pengasinan Rawasemut  Kota Bekasi;HospitalsEmergency And Assistance Services
Rumah Sakit Sentra Medika Sanggau;Jl. Cempaka 1478516 Kutai Timur;HospitalsEmergency And Assistance Services
Theanna Eco Villa And Spa (****);Jalan Pantai Batu Bolong 2580361 Klaten  - Kabupaten;HospitalsEmergency And Assistance Services
Rumah Sakit Delima Asih Sisma Medika;Jl. Wirasaba 5441313 Klaten  - Kabupaten;HospitalsEmergency And Assistance Services
PO Ho Seng;Jalan Sukarjo Wiryopranoto 210130 Jakarta;HospitalsEmergency And Assistance Services
Rumah Sakit Elisabeth Situbondo;- A Jl. W.R. Supratman 268312 Klaten  - Kabupaten;HospitalsEmergency And Assistance Services
Rumah Sakit Ibu Dan Anak Puri Garcia;Jl. Griya Purna 9942112 Klaten  - Kabupaten;HospitalsEmergency And Assistance Services
Rumah Sakit Sentra Medika;Jl. Industri Pasir Gombong Jababeka 17530 Klaten  - Kabupaten;HospitalsEmergency And Assistance Services
Efja;Mangga Dua Square 14111 Jakarta;Beauty SalonsPerfumery And Cosmetics (Manufacture, Wholesale)Manicurists
Rumah Sakit Bangkatan;Jalan Sultan Hasanudin 4020728 Kota Binjai;Beauty SalonsPerfumery And Cosmetics (Manufacture, Wholesale)Manicurists
Rumah Sakit Umum Tidar;Jalan Tidar 3056126 Kota Magelang;Beauty SalonsPerfumery And Cosmetics (Manufacture, Wholesale)Manicurists
Rumkit TK II Dr. Soedjono;Jalan Urip Sumoharjo 4856113 Klaten  - Kabupaten;Beauty SalonsPerfumery And Cosmetics (Manufacture, Wholesale)Manicurists
Jet-Z Dental Aesthetic Clinic;Jalan Prapen Indah 60299 Kota Surabaya;Beauty SalonsPerfumery And Cosmetics (Manufacture, Wholesale)Manicurists
Bintang Ades Multimedika;Jl. Penyelesaian Tomang IV DKI 111620 Jakarta;Beauty SalonsPerfumery And Cosmetics (Manufacture, Wholesale)Manicurists
Rumah Sakit Umum Pusat Sanglah;Jalan Diponegoro 80114 Dompu  - Bali;Beauty SalonsPerfumery And Cosmetics (Manufacture, Wholesale)Manicurists
Rumah Sakit Bhakti Mulya;Jalan Aipda Karel Satsuit Tubun 7911420 Jakarta;Beauty SalonsPerfumery And Cosmetics (Manufacture, Wholesale)Manicurists
Rumah Sakit Umum Daerah Dr Soegiri;Jl. Kusuma Bangsa 762252 Klaten  - Kabupaten;Beauty SalonsPerfumery And Cosmetics (Manufacture, Wholesale)Manicurists
Jakarta Kidney Center;Jl. Raya Warung Buncit 7512790 Jakarta;Beauty SalonsPerfumery And Cosmetics (Manufacture, Wholesale)Manicurists
Rumah Sakit Sari Mutiara Medan;Jalan Kapten Muslim 7920124 Obi Timur  - Sum;Beauty SalonsPerfumery And Cosmetics (Manufacture, Wholesale)Manicurists
Bawean Orthopaedic Center;Jalan Bawean 4060246 Kota Surabaya;Beauty SalonsPerfumery And Cosmetics (Manufacture, Wholesale)Manicurists
Satria Medika Sakti;Jalan Hayam Wuruk 10010130 Jakarta;Beauty SalonsPerfumery And Cosmetics (Manufacture, Wholesale)Manicurists
Rumah Sakit Umum Daerah Wirosaban;Jalan Wirosaban 155162 Kota Yogyakarta;Beauty SalonsPerfumery And Cosmetics (Manufacture, Wholesale)Manicurists
Rumah Sakit Umum Herna;Jl. Majapahit 11820111 Obi Timur  - Sum;Beauty SalonsPerfumery And Cosmetics (Manufacture, Wholesale)Manicurists
Ichsan Medical Centre;Jalan Jombang Raya 5615414 Kota Tangerang Selatan;Beauty SalonsPerfumery And Cosmetics (Manufacture, Wholesale)Manicurists
Rumah Sakit Islam Surakarta;Jalan Jenderal Ahmad Yani 57134 Surakarta;Beauty SalonsPerfumery And Cosmetics (Manufacture, Wholesale)Manicurists
RSIA Hermina Pasteur;Jalan DR Djunjunan 10740173 Klaten  - Kabupaten;Beauty SalonsPerfumery And Cosmetics (Manufacture, Wholesale)Manicurists
Rumah Sakit Dr Bratanata;Jl. Rd. Mattahir 3336137 Kota Jambi;Beauty SalonsPerfumery And Cosmetics (Manufacture, Wholesale)Manicurists
Rumah Sakit Tiara Fatrin Palembang;Jalan Rajawali 49530113 Kota Palembang;Beauty SalonsPerfumery And Cosmetics (Manufacture, Wholesale)Manicurists
Klinik Brimedika COB;Jalan Kedungan 12657465 Klaten  - Kabupaten;Dentists General PractitionersMedical ClinicsStorage Equipment
Rumah Sakit Mukti Mulia;Jalan Kayon 160271 Kota Surabaya;Dentists General PractitionersMedical ClinicsStorage Equipment
Rumah Sakit TK III 04.06.01 Wijayakusuma;Jl. Prof. Dr. HR Bunyamin 53121 Klaten  - Kabupaten;Dentists General PractitionersMedical ClinicsStorage Equipment
Mandara Medika Utama;Jalan Pantai Indah Utara 3 14460 Jakarta;Dentists General PractitionersMedical ClinicsStorage Equipment
Rumah Sakit Islam Yakssi Gemolong;Jalan Solo - Purwodadi 2057274 Klaten  - Kabupaten;Dentists General PractitionersMedical ClinicsStorage Equipment
Medikaloka Daan Mogot;Jalan Kintamani 11840 Jakarta;Dentists General PractitionersMedical ClinicsStorage Equipment
Rumah Sakit Umum Bahagia;Jalan Bahagia 8520217 Medan Kota  - Teladan Barat;Dentists General PractitionersMedical ClinicsStorage Equipment
Metta Lab;Jalan Hayam Wuruk 210130 Jakarta;Dentists General PractitionersMedical ClinicsStorage Equipment
Klinik Tata Sehat;Jl. Tata Surya 1540224 Klaten  - Kabupaten;Dentists General PractitionersMedical ClinicsStorage Equipment
Alsindo Mitra Utama;Jl. Raden Patah 640132 West Java;Dentists General PractitionersMedical ClinicsStorage Equipment
Anak Bangsa Merajut Harapan (Angsamerah Foundation);Graha Media Building 810310 Jakarta;Dentists General PractitionersMedical ClinicsStorage Equipment
Rumah Sakit Umum Daerah Dr. Moh Saleh Probolinggo;Jalan Mayjen Panjaitan 6567219 Kota Probolinggo;Dentists General PractitionersMedical ClinicsStorage Equipment
Rumah Sakit Deli;Jl. Merbabu 1820217 Obi Timur  - Sum;Dentists General PractitionersMedical ClinicsStorage Equipment
Panca Bina;Jalan Ahmad Jais 660174 Kota Surabaya;Dentists General PractitionersMedical ClinicsStorage Equipment
Rumah Sakit Umum Dr. Sayidiman Magetan;Jalan Pahlawan 257424 Klaten  - Kabupaten;Dentists General PractitionersMedical ClinicsStorage Equipment
RSCM Kencana;Jalan Pangeran Diponegoro 7110230 Jakarta;Dentists General PractitionersMedical ClinicsStorage Equipment
Rumah Sakit Mitra Keluarga;Jl. Pengasinan Rawasemut 17113 Kota Bekasi;Dentists General PractitionersMedical ClinicsStorage Equipment
Hotel Tugu Malang (*****);Jalan Teluk Grajakan 365126 Kota Malang;Dentists General PractitionersMedical ClinicsStorage Equipment
Rumah Sakit Umum Daerah Kabupaten Tangerang;Jalan Ahmad Yani 915111 Kota Tangerang;Dentists General PractitionersMedical ClinicsStorage Equipment
Rumah Sakit Al Dr Ramelan;Jalan Gadung 160244 Kota Surabaya;Dentists General PractitionersMedical ClinicsStorage Equipment
Rumah Sakit Islam Amal Sehat;Jalan Veteran 3557431 Klaten  - Kabupaten;Hospitals
Rumah Sakit Bethesda;Jalan Hayam Wuruk 655211 Kota Yogyakarta;Hospitals
RSIA Muhammadiyah Kota Probolinggo;Jalan Panglima Besar Sudirman 6567214 Probolinggo;Hospitals
Rumah Sakit Ibu Dan Anak Tambak;Jalan Tambak 1810310 Jakarta;Hospitals
Rumah Sakit Promedika;Darat Sekip 78124 Kota Pontianak;Hospitals
Asih Eka Abadi;Jalan Ramli 1711410 Jakarta;Hospitals
Rumah Sakit Ibu Dan Anak Budi Kemuliaan;Jalan Budi Kemuliaan 2510250 Jakarta;Hospitals
Laboratorium Klinik Primadia;Jl. Utan Kayu Raya 10913120 Jakarta;Hospitals
Klinik Medika Antapani;Jl. Purwakarta 340283 Klaten  - Kabupaten;Hospitals
Karomah Holistic;Jl. Gajah Mada Barat 12451151 Klaten  - Kabupaten;Hospitals
Rumah Sakit Harapan Bunda;Jalan Teuku Umar 18123233 Banda Aceh;Hospitals
RS Hj. Bunda Halimah;Jl.Uniba No.A09 29433 Batam;Hospitals
RSIA IBNU SINA;Jalan Doktor Nurdin 1 311450 Jakarta Barat;Hospitals
RSUD H Boejasin Pelaihari;Jalan Jenderal Ahmad Yani 6870815 Tanah Laut;Hospitals
Global Mentari Agung;Jl. Mayjend Sutoyo 39 Kota Semarang;Hospitals
Rumah Sakit Kota Surakarta;Jalan Lettu Sumarto 157136 Surakarta;Hospitals
Klinik Puti Handiyah;Jalan Raya Serpong 6715117 Kota Tangerang;Hospitals
Klinik Prima Husada Cibubur;Jalan Lapangan Tembak 212430 Jakarta;Hospitals
Rumah Sakit Bhayangkara Kediri;Jl. Kombes Pol. M. Duryat 1764122 Kota Kediri;Hospitals
Drg. Lindawati;Jalan Gatot Subroto 415134 Kota Tangerang;Hospitals
Puskesmas Sempur;Jalan Sempur Kaler 10016143 Kota Bogor;Health And Social Services Centres, Clinics
Rumah Sakit Islam Al-Afiat Balikpapan;Jalan Jenderal Ahmad Yani 10640 Jakarta;Health And Social Services Centres, Clinics
Rumah Sakit Khusus Bedah Siaga Medika;Jalan Pramuka 5553192 Klaten  - Kabupaten;Health And Social Services Centres, Clinics
Klinik Jati Bening;Jalan Jatibening 2 1117412 Kota Bekasi;Health And Social Services Centres, Clinics
Klinik MH Thamrin;Jalan Pangeran Tubagus Angke 11250 Jakarta;Health And Social Services Centres, Clinics
Klinik Altara;- B Jl. Kapiten Purba 220148 Pancur Batu  - Perumnas Simalingkar;Health And Social Services Centres, Clinics
Agung Zulsadima Mulia;Jl. Sasuit Tubun 2563514 Klaten  - Kabupaten;Health And Social Services Centres, Clinics
Apotek Bhakti Askes;Jl. Suprapto Telanaipura 37259 Kota Jambi;Health And Social Services Centres, Clinics
Klinik Medika Obini;Jalan Mina 17 1715810 Kota Tangerang;Health And Social Services Centres, Clinics
Puskesmas Cipinang Besar Selatan I;Jalan Cipinang Jagal 13240 Jakarta;Health And Social Services Centres, Clinics
Klinik Permata Hati;Jalan Jenderal Sudirman 5028784 Klaten  - Kabupaten;Health And Social Services Centres, Clinics
Rumah Bersalin Buah Hati;Grand Hotel 6640391 Kabupaten Bandung Barat;Health And Social Services Centres, Clinics
Rumah Sakit Ridos;Jl. Menteng Vii 6220136 Obi Timur  - Sum;Health And Social Services Centres, Clinics
Klinik Surya Husadha Dalung;Jl. Padang Luwih 14380353 Klaten  - Kabupaten;Health And Social Services Centres, Clinics
Rumah Sakit Ibu & Anak Pala Raya;A Jl. Pala Raya - 11 Klaten  - Kabupaten;Health And Social Services Centres, Clinics
Griya Mekar Melati;Jalan Kawi 3265116 Kota Malang;Health And Social Services Centres, Clinics
Balai Pengobatan Swasta Mars;Jalan Galang 12120585 Kabupaten Deli Serdang;Health And Social Services Centres, Clinics
Klinik Mediasri;Jl. Raya Bogor Nanggewer 3516153 Klaten  - Kabupaten;Health And Social Services Centres, Clinics
Harapan Keluarga Bahagia;Jalan Mohammad Husni Thamrin 17550 Kota Bekasi;Health And Social Services Centres, Clinics
Klinik Telaga Sari;Jalan Syech Quro Lemah Abang 41372 Klaten  - Kabupaten;Health And Social Services Centres, Clinics
RS Puri Asih Jatisari;Jl. Raya Jatisari 341372 Klaten  - Kabupaten;Hospitals
RSU Haji Syaiful Anwar;Jl. Raya Cipunagara 41252 Klaten  - Kabupaten;Hospitals
Klinik Nayaka Era Husada 07;Jl. Tandes Asri 6460241 Kota Surabaya;Hospitals
Medika Kesehatan Kerja;Jalan Batu 3 5510340 Jakarta;Hospitals
Klinik Nurjaya;Jalan Simo 4557432 Klaten  - Kabupaten;Hospitals
Klinik Cahaya Murni;Jalan Mohammad Kahfi 2 5512630 Jakarta;Hospitals
Klinik Inti Medika;Jalan Gatot Subroto 815134 Kota Tangerang;Hospitals
Klinik Rahma Medika;Komp. Batan Indah 2315138 Klaten  - Kabupaten;Hospitals
Klinik Ardita Ciracas;- A Jl. Raya Ciraca 313740 Jakarta;Hospitals
Klinik Utama An Nisa;Jl. Gajah Mada 5566173 Klaten  - Kabupaten;Hospitals
Klinik Diana Permata Medika;Jl. MH. Thamrin 15142 Klaten  - Kabupaten;Hospitals
Anadi Sarana Tatahusada;RS. Puri Cinere 116514 Depok;Hospitals
Kao Indonesia;Jl. Jababeka VI / N-2 217530 Kota Bekasi;Hospitals
Klinik Mawar;Jl. Yudistira 1017111 Klaten  - Kabupaten;Hospitals
Klinik Cahaya Qalbu;Jalan Laswi Raya 48040381 Klaten  - Kabupaten;Hospitals
Klinik Citra Medika;Jl. Taman Narogong Raya 717116 Klaten  - Kabupaten;Hospitals
Rumah Sakit Umum Pusat H Adam Malik;Jalan Bunga Lau 1720136 Obi Timur  - Sum;Hospitals
Klinik MHT Kalideres;Jalan Peta Selatan 11840 Jakarta;Hospitals
Sentra Sejahtera Utama;Siloam Hospital Building 615811 Klaten  - Kabupaten;Hospitals
Bina Medika;Kampung Kongsi 17530 Klaten  - Kabupaten;Hospitals
Balai Pengobatan Adi Dharma;Jalan Kenanga 2153122 Klaten  - Kabupaten;Medical Clinics
Klinik & Rumah Bersalin Kamar Medika;Jalan Empu Nala 35161315 Kota Mojokerto;Medical Clinics
Apotek Miranti;Jalan Pandanaran 37357461 Klaten  - Kabupaten;Medical Clinics
Klinik Medikasih;Jalan Malaka Raya 2213470 Jakarta;Medical Clinics
Puskesmas Petukangan Selatan;Jalan Kemajuan 12270 Jakarta;Medical Clinics
Bhakti Sarana Utama;Jl. HOS Cokroaminoto I H-12 1250141 Kota Semarang;Medical Clinics
Super Sukses Kencana;Komp. Kopo Permai Iii 240227 Kota Bandung;Medical Clinics
Rumah Bersalin Nur Fadlila;Jalan Raya Anyer 742443 Kota Cilegon;Medical Clinics
Klinik Berkah Ibu;Jalan Cendrawasih 2211730 Jakarta;Medical Clinics
Klinik Medista;Ruko Warung Jambu 16153 Klaten  - Kabupaten;Medical Clinics
Coslab Indonesia;Jalan Boulevard Barat 14240 Jakarta;Medical Clinics
Rumah Sakit Jiwa & Syaraf Puri Waluyo Surakarta;Jalan Adi Sucipto 16757143 Surakarta;Medical Clinics
Euro Medika Group;Mal Artha Gading 114240 Jakarta;Medical Clinics
Klinik Mardi Mulya I;Jalan Mojopahit 25157468 Klaten  - Kabupaten;Medical Clinics
Klinik Mutiara Diski;Jl. Binjai 1220111 Obi Timur  - Sum;Medical Clinics
Klinik Nayaka Husada 24;C-9 Jl. Raya Kartini 23661176 Klaten  - Kabupaten;Medical Clinics
Puskesmas Tegal Parang;Jalan Mampang Prapatan 11 2812790 Jakarta;Medical Clinics
Eterna Terra Bellezza Bali;Jalan Sunset Road 880361 Klaten  - Kabupaten;Medical Clinics
Klinik As-Salam;Jalan Veteran 157431 Klaten  - Kabupaten;Medical Clinics
Klinik Az Zahra;Komp. Purna Bhakti Sitanala 1715142 Klaten  - Kabupaten;Medical Clinics
Rumah Sakit Bina Sejahtera;Jl. Simpang Kantor 620254 Labuhan;Hospitals
Centrepoint Healthcare;Mid 10 Jakarta;Hospitals
Poliklinik & Rumah Bersalin PKU Muhammadiyah Cabang Polanharjo;Dukuh Gudang Abang 57474 Klaten  - Kabupaten;Hospitals
Klinik Multilab;Jalan Balai Pustaka Timur 22513220 Jakarta;Hospitals
Rajawali Makmur Bersama;Jl. Gerilya Timur 2553146 Klaten  - Kabupaten;Hospitals
Puskesmas Pondok Rangon;Jalan Kramat Ganceng 113860 Jakarta;Hospitals
RS An-Nissa;Jl. Suparyono Timur 66137 Klaten  - Kabupaten;Hospitals
Pluit Mas Bahagia Sejahtera;Jalan Pluit Mas Selatan 1 14450 Jakarta;Hospitals
Puskesbun PTPN IV Pulo Raja;Komp PTPN IV  Klaten  - Kabupaten;Hospitals
Rumah Sakit Umum Materna;Jalan Teuku Umar 920112 Obi Timur  - Sum;Hospitals
Bina Dinamika Raga;Jalan Soekarno Hatta 40292 Kota Bandung;Hospitals
Klinik Citra Utama;Jalan SH Wardoyo 89730253 Kota Palembang;Hospitals
Klinik Taman Aries;Jalan Meruya Ilir 11620 Jakarta;Hospitals
Sahid Sahirman Medical Centre;Apartement Istana Sahid Basement 10220 Jakarta;Hospitals
Griya Hapsari Sanggar Senam;Jalan Darmo Kali 6260265 Kota Surabaya;Hospitals
Klinik Pratama MH Thamrin Tegalan;Jalan Tegal 3012980 Jakarta;Hospitals
Puskesmas Duri Kosambi I;Jalan Duri Kosambi 11750 Jakarta;Hospitals
Rumah Sakit Wisma Prashanti;Jl. Raya Yeh Gangga 982111 Klaten  - Kabupaten;Hospitals
Rumah Sakit Khusus Anak Empat Lima;Jalan Patang Puluhan 3555251 Kota Yogyakarta;Hospitals
Klinik Siaga Asri Cianting;Kampung Cianting 41151 Klaten  - Kabupaten;Hospitals
Klinik Sumber Asih;Jalan Raya Serang 1115710 Klaten  - Kabupaten;Medical Clinics
Klinik Graha Bina Husada;Jalan Industri Selatan 117550 Kota Bekasi;Medical Clinics
Jaya Fajar Lestari;Datascrip Bld.7Th Fl. 710610 Jakarta;Medical Clinics
Klinik Purwa Medica;Jl. Raya Tamelang 5341372 Klaten  - Kabupaten;Medical Clinics
Klinik Salamat Medical;Jl. K H Abdullah Syafie 12810 Jakarta;Medical Clinics
Artifisial Teknologi Persada;Jl. RS Fatmawati 1512410 Jakarta;Medical Clinics
Wahyu Isma Putra;Jalan Gatot Subroto 157274 Kulon Palang Gemolong;Medical Clinics
Amsarstraat;Jalan Ciledug Raya 9412230 Jakarta;Medical Clinics
Rumah Sakit Prof. Soedomo Fkg UGM;Jl. Sekip Utara Yogyakarta 55281 Kota Yogyakarta;Medical Clinics
Rumah Sakit Haji Darjad;Jalan Dahlia 475131 Kota Samarinda;Medical Clinics
Balai Kesehatan Ibu Dan Anak Panti Rahayu;Jalan Gunung Semeru 880119 Dompu  - Bali;Medical Clinics
Rumah Sakit Umum Sembiring;Jalan Besar Deli Tua 7720355 Kabupaten Deli Serdang;Medical Clinics
Rumah Bersalin Azzahra;Jalan Sancang Dalam 416144 Kota Bogor;Medical Clinics
Klinik Bersalin Ratna;Jalan Ratna 27A 7517421 Kota Bekasi;Medical Clinics
Rumah Sakit Angkatan Udara Dr Mohammad Moenir;Jl. Dr. M. Munir 1865154 Klaten  - Kabupaten;Medical Clinics
Rumah Sakit Umum Sumber Waras;Jl. Langsep 364314 Klaten  - Kabupaten;Medical Clinics
Puskesmas Grogol Utara II;Jalan Kemandoran 1 12210 Jakarta;Medical Clinics
Rumah Sakit Premagana;Jl. Hyang Sangi 280571 Klaten  - Kabupaten;Medical Clinics
Klinik Kiara Husada;Jl. Terusan Ibrahim 2540283 Klaten  - Kabupaten;Medical Clinics
Celebes Eye Center Orbita;Jl. AP Pettarani 18690231 Jakarta Timur  - Makasar;Medical Clinics
Klinik Alita;Jl. Raya Narogong 317116 Klaten  - Kabupaten;Medical Clinics
Pegasus Mitra Makmur;Jalan Pinangsia 2 1411110 Jakarta;Medical Clinics
Klinik Wahana Sejahtera 1;Jl. Tipar Sukapura 14140 Jakarta;Medical Clinics
Klinik Silih Asih;Jl. Prabu Gesan Ulun 10245392 Klaten  - Kabupaten;Medical Clinics
Klinik Hamidah;Jl. Medan Lubuk Pakam 1820512 Kabupaten Deli Serdang;Medical Clinics
Klinik Medira;Jl. Baru Kemang Raya Semplak 16153 Klaten  - Kabupaten;Medical Clinics
Puskesmas Manga Besar;Jl. Blustru 11611180 Jakarta;Medical Clinics
Famon Global Medika;Jalan Mohammad Husni Thamrin 315117 Kota Tangerang;Medical Clinics
Puskesmas Wiradesa;Jalan Ahmad Yani 51152 Klaten  - Kabupaten;Medical Clinics
RS Bedah Bisturi Surabaya;Jalan Manyar 960116 Kota Surabaya;Medical Clinics
Puskesmas Ngesrep;Jalan Teuku Umar 27150261 Kota Semarang;Medical Clinics
Bunda Klinik Specialis;Jalan Sisingamangaraja 1720217 Obi Timur  - Sum;Medical Clinics
Balai Kesehatan Mata Masyarakat Surabaya;Jalan Gayung Kebon Sari Timur 4960231 Kota Surabaya;Medical Clinics
Rumah Sakit Materna Medan;Ji. Teuku Umar 920111 Obi Timur  - Sum;Medical Clinics
Rumah Sakit Umum Daerah Ajibarang;Jl. Raya Pancasan Ajibarang 53163 Klaten  - Kabupaten;Medical Clinics
Nusa Lima Medika;Jalan Ronggowarsito 4028132 Kota Pekanbaru;Medical Clinics
Klinik Fakhira;- A Jl. Menteng Wadas Timur 12112970 Jakarta;Medical Clinics
Klinik Mitra Al Afiat;Jalan Kyai Haji Mas Mansyur 7410210 Jakarta;Medical Clinics
Nayaka Husada 15;Jalan Kijilan 25957452 Klaten  - Kabupaten;Medical Clinics
Rumah Sakit Jiwa Dharma Kusuma;Jl. Tidar Krajan 3556125 Kota Magelang;Medical Clinics
Klinik Abdi Mulia;Jl. H.R. Muhammad 60241 Kota Surabaya;Medical Clinics
Balai Kesehatan Masyarakat Desa Putra;Jalan Srengseng Sawah 2612640 Jakarta;Medical Clinics
Sanbe Prakarsa Husada;Jl. K.H. Wahid Hasyim 46140227 Klaten  - Kabupaten;Medical Clinics
Bali Heart Care Center;Jl. Nusa Penida 2680111 Dompu  - Bali;Medical Clinics
Dewi Sartika Laboratorium;Jalan Otto Iskandardinata 6941211 Klaten  - Kabupaten;Medical Clinics
Rumah Sakit Islam Siti Hajar Mataram;Jl. Caturwarga Pajang 83126 Kota Mataram;Medical Clinics
Rumah Sakit Islam Orpeha Tulungagung;Jl. KHR. Abdul Fatah 66228 Klaten  - Kabupaten;Medical Clinics
Klinik Graha Medis Kosambi;Jalan Klaten - Solo 2357437 Klaten  - Kabupaten;Medical Clinics
Klinik Utama;Jl. Merdeka 2733414 Klaten  - Kabupaten;Medical Clinics
Rumah Sakit Anna Medika;Jalan Perjuangan 4517121 Kota Bekasi;Medical Clinics
Rumah Sakit Budhi Mulia;Jalan Soekarno Hatta 22828284 Kota Pekanbaru;Medical Clinics
RSIA Pratiwi;Jl. RH. M Noeraji 4215121 Klaten  - Kabupaten;Medical Clinics
Global Assistance & Healthcare;Floor Cibis Nine 212560 Jakarta;Medical Clinics
Hsen Chii International;Business Park 11620 Jakarta;Medical Clinics
Kaltim Nitrate Indonesia;Pondok Indah Office Tower 12310 Jakarta;Medical Clinics
Rumah Sakit Umum Bunda Sidoarjo;Jalan Kunthi 7057438 Klaten  - Kabupaten;Medical Clinics
Rumah Sakit Permata Bunda;Jalan Hayam Wuruk 2458114 Klaten  - Kabupaten;Medical Clinics
Gereja Kristen Jawi Wetan;Jalan Wage Rudolf Supratman 165111 Klaten  - Kabupaten;Medical Clinics
Rumah Sakit Kambang;Jalan Kolonel Amir Hamzah 5336122 Kota Jambi;Medical Clinics
Rumah Sakit Khusus Bedah Diponegoro;Jalan Diponegoro 2157438 Klaten  - Kabupaten;Medical Clinics
Muhammadiyah;Jl. Gajah Mada 684117 Klaten  - Kabupaten;Hospitals
Rumah Sakit Umum Pertamina Pangkalan Brandan;Jalan Wahidin Sudirohusodo 157411 Klaten  - Kabupaten;Hospitals
Klinik Melinda;Jalan Lenteng Agung 1412520 Jakarta;Hospitals
Klinik Kimia Farma 169;Jl. Raja Alihadi 329125 Kota Tanjung Pinang;Hospitals
Rumah Sakit Panti Waluya Sawahan;Jalan Nusakambangan 5665117 Kota Malang;Hospitals
Rumah Sakit Al Huda Genteng;Jalan Gambrengan 22557485 Klaten  - Kabupaten;Hospitals
Rumah Sakit Mitra Sehat Medika;Jalan By Pass Pandaan 667156 Klaten  - Kabupaten;Hospitals
Rumah Sakit Umum Daerah Arifin Numang;Jalan Jenderal Ahmad Yani 191651 Kabupaten Sidenreng Rappang;Hospitals
Laboratorium Laborat Prodia Ko;Jalan Ahmad Yani 3656112 Kota Magelang;Hospitals
Rumah Sakit Umum Tamar Medical Centre;Jalan Basuki Rahmat 125514 Kota Pariaman;Hospitals
Rumah Sakit Purbowangi;Jl. Yos Sudarso Barat 154311 Klaten  - Kabupaten;Hospitals
RSUD Gunung Jati;Jalan Kesambi 5645132 Kota Cirebon;Hospitals
Bio E Indonesia;Jalan Kota Bumi 1610210 Jakarta;Hospitals
Rumah Sakit Bakti Timah Pangkal Pinang;Jalan Bukit Baru Atas 133173 Kota Pangkal Pinang;Hospitals
RSIA Cicik;Jl. Dr. Sutomo 9425121 Kota Padang;Hospitals
Rumah Sakit Panti Waluyo Yakkum Purworejo;Jalan Jenderal Ahmad Yani 2154118 Klaten  - Kabupaten;Hospitals
Rumah Sakit Umum Saraswati;Jl. A. Yani 2741372 Klaten  - Kabupaten;Hospitals
Persada Hospital;Jl. Panji Suroso Araya Business Center 65126 Kota Malang;Hospitals
Elektro Medika;Jalan Perintis Kemerdekaan 13260 Jakarta;Hospitals
RSIA Budhi Mulia;Jalan Soekarno Hatta 22628292 Kota Pekanbaru;Hospitals
Rumah Sakit Umum Daerah Dr. A. Dadi Tjokrodipo;Jalan Basuki Rahmat 7335222 Kota Bandar Lampung;Hospitals
Adhikriya Kualita Utama;Jalan Kyai Haji Abdul Manan 2550167 Kota Semarang;Hospitals
Rumah Sakit Umum Deli Serdang;Jalan Muhammad Husni Thamrin 20511 Kabupaten Deli Serdang;Hospitals
Royal Primatbk;Jalan Ayahanda 6820118 Medan Petisah  - Sei Putih Tengah;Hospitals
RSIA Cinta Kasih;Jl. Ciputat Baru Raya 1015251 Klaten  - Kabupaten;Hospitals
Ciputra Medical Center;Jalan Profesor Doktor Satrio 12940 Jakarta;Hospitals
Rumkit Bhayangkara Palangka Raya;Jalan Ahmad Yani 2273111 Palangkaraya  - Palangka;Hospitals
RS Permata Ibu;Jalan Kyai Haji Mas Mansyur 215145 Kota Tangerang;Hospitals
Dwigraha Medical;Jl. Utan Kayu Raya 19 Jakarta;Hospitals
SOS;Apartemen Seminyak 1080351 Klaten  - Kabupaten;Hospitals
Morula IVF Surabaya;Jalan Bogowonto 1660264 Kota Surabaya;Hospitals
Rumkital Dr. Midiyano s;Jl. Ciptadi 129111 Kota Tanjung Pinang;Hospitals
Puskesmas Duren Sawit;Jl. H. Dogol 13440 Jakarta;Hospitals
Rumah Sakit Paru Dungus - Madiun;Jalan Raya Dungus 63181 Klaten  - Kabupaten;Hospitals
Rumah Sakit Larasati;Jalan Mandilaras 7469315 Klaten  - Kabupaten;Hospitals
Prodia Widyahusada;Jalan Ronggowarsito 14357131 Surakarta;Hospitals
Rumah Sakit Islam Bogor;Jalan Pedan - Cawas 2257463 Klaten  - Kabupaten;Hospitals
Klinik Kimia Farma 53 Bromo;Jalan Borobudur 157416 Klaten  - Kabupaten;Hospitals
Klinik Venus Health;Jl. Provinsi 76284 Kabupaten Penajam Paser Utara;Hospitals
Klinik Kimia Farma 164;Jl. R.A. Kartini 15061176 Klaten  - Kabupaten;Hospitals
